address_id,street,city,state,zip,country,created_at,updated_at,created_by,updated_by
ad217cc6-f562-443d-92ae-0bbf72531d64,2559 David Garden,Stanleybury,Louisiana,99391,US,2025-11-26T15:43:26,2026-04-04T15:07:40.874141,6a7cdd59-8bc0-46dd-98c6-cc3bc526c3a5,6a7cdd59-8bc0-46dd-98c6-cc3bc526c3a5
d497ab9d-57f0-45d3-bce6-4abf4e3124a5,549 Ashley Locks Suite 497,Allenborough,Virginia,29991,US,2026-01-18T05:51:53,2026-04-04T15:07:40.874422,c9673fb8-4d19-4b49-a938-b01b58a9fb26,c9673fb8-4d19-4b49-a938-b01b58a9fb26
cc6aff88-71ae-4dc7-be4e-6f6beb42cc0b,46408 Walters Station Apt. 892,North Jeromeberg,Utah,21230,US,2025-12-11T06:31:55,2026-04-04T15:07:40.874676,e0604784-f504-4c05-8e6f-bbcd080f9200,e0604784-f504-4c05-8e6f-bbcd080f9200
db3c962b-3edc-48ae-a612-693c80a252f8,4344 Michael Freeway Suite 891,New Annafurt,South Dakota,29751,US,2026-03-14T16:42:34,2026-04-04T15:07:40.874905,9467bdca-dd9c-4e16-b356-d700022818a0,9467bdca-dd9c-4e16-b356-d700022818a0
3859b360-4c58-4feb-bfdf-70dbc8a19b67,47715 Stephanie Prairie Suite 521,Sabrinaview,Utah,51494,US,2026-03-20T21:46:00,2026-04-04T15:07:40.875122,9525e14c-3312-4e4b-a3a7-0590546066b3,9525e14c-3312-4e4b-a3a7-0590546066b3
95b78d36-2500-47e8-8595-f05c017bce92,6998 Vincent Views,Kristinstad,Idaho,33406,US,2025-07-06T12:26:17,2026-04-04T15:07:40.875329,d97d370e-adfa-4391-9c8b-8f2a96322c89,d97d370e-adfa-4391-9c8b-8f2a96322c89
86ed05b5-7e88-4861-9fa8-f1d8b245c746,65828 Joseph Fords Apt. 174,Edwardville,Georgia,03072,US,2025-12-18T23:10:35,2026-04-04T15:07:40.875531,75dba055-889b-47af-b609-4c472e3b143a,75dba055-889b-47af-b609-4c472e3b143a
c72b3ec1-8e30-4a36-8639-c50b9a116c31,840 Matthew Lodge,Darrellside,Pennsylvania,83382,US,2025-10-08T02:13:39,2026-04-04T15:07:40.875719,e2d3eba4-3635-4685-8099-dff2242a531b,e2d3eba4-3635-4685-8099-dff2242a531b
4fe40e2e-c076-4bd7-a20a-9cced321f733,1135 Brooks Passage Suite 065,Meganmouth,New York,74864,US,2025-11-02T03:05:28,2026-04-04T15:07:40.875955,d08bc289-86a6-43b5-869b-3bb84c71572d,d08bc289-86a6-43b5-869b-3bb84c71572d
5db0e220-6595-4e04-b015-404645637c11,07169 Coleman Spring,East Gregorybury,North Dakota,76176,US,2025-10-16T07:00:49,2026-04-04T15:07:40.876179,7d417d8f-00db-40f7-85d6-92dca7310753,7d417d8f-00db-40f7-85d6-92dca7310753
5ac83e25-aece-4624-968f-acc561d70b03,980 Randy Bypass Apt. 513,New Christina,Arizona,56702,US,2025-08-11T23:41:41,2026-04-04T15:07:40.876375,6da187ce-0377-4faf-a3f4-85bacab65a10,6da187ce-0377-4faf-a3f4-85bacab65a10
ce2ae2f7-4015-4f79-904b-6c3c4a926197,229 Smith Place Apt. 420,Bonnieville,Connecticut,37070,US,2026-03-19T02:21:41,2026-04-04T15:07:40.876605,4ecff9db-c4ee-4970-bec6-483a772516e9,4ecff9db-c4ee-4970-bec6-483a772516e9
5e21b6c9-ad5d-4e88-9556-e253203d5492,039 Clark Ferry,South Shelbyshire,Wyoming,79552,US,2025-04-11T19:43:27,2026-04-04T15:07:40.876839,f093ce79-52e1-458c-8e49-b44bf51a4b40,f093ce79-52e1-458c-8e49-b44bf51a4b40
4b0b41e1-a984-486d-a5f6-59f488c94350,349 Landry Groves,New Cassandraside,Connecticut,75528,US,2026-03-24T19:22:04,2026-04-04T15:07:40.877068,0d162d3d-099a-459d-bb66-20618293dbc6,0d162d3d-099a-459d-bb66-20618293dbc6
3eea5609-bc33-4546-a018-52e237ff6c7c,45839 Perez Burgs Suite 686,East Joseph,Wisconsin,93477,US,2025-05-28T15:40:07,2026-04-04T15:07:40.877299,9c3d6f1d-0b4e-4db6-8f11-ca492b90c0c2,9c3d6f1d-0b4e-4db6-8f11-ca492b90c0c2
cd449037-4ce4-46fc-802c-c1f5a6d09397,3494 Douglas Path Suite 475,North Alexandrashire,Tennessee,42363,US,2026-03-14T07:29:08,2026-04-04T15:07:40.877535,63ea9ac9-8c73-4a63-9a0b-53dfaea47d9f,63ea9ac9-8c73-4a63-9a0b-53dfaea47d9f
b1a9e094-9d1e-480a-91e1-96bfc6053df0,837 Keller Brook,Samanthachester,Connecticut,62694,US,2026-02-03T05:37:00,2026-04-04T15:07:40.877753,25c1d596-f27b-41f3-9b86-ca09b8f15281,25c1d596-f27b-41f3-9b86-ca09b8f15281
96097045-0218-46b7-9186-4be3d5673682,06926 Megan Orchard,Blackmouth,Washington,67651,US,2026-02-06T18:27:52,2026-04-04T15:07:40.877995,d19d767b-7250-44f5-bfe3-7b7d26757f66,d19d767b-7250-44f5-bfe3-7b7d26757f66
02b936d4-3cc6-43fc-8d96-ceeecdec04de,830 Andrew Knoll,Lake Kevinstad,Nebraska,44553,US,2025-11-14T22:10:22,2026-04-04T15:07:40.878293,5c9c73e3-6e35-4e09-94e8-cd7ec6bd4c69,5c9c73e3-6e35-4e09-94e8-cd7ec6bd4c69
3d9f0ea8-e6b2-4830-91e7-a4f54dc8a28e,781 William Harbors,Walkerville,Texas,64094,US,2026-01-11T21:08:10,2026-04-04T15:07:40.878627,290e039d-be87-4de5-b1d8-9a3b619bacbb,290e039d-be87-4de5-b1d8-9a3b619bacbb
4aefea23-5cfe-4d27-aede-753fc8daaca4,65992 Sheppard Place,East Nicole,Colorado,64274,US,2025-04-10T14:54:56,2026-04-04T15:07:40.879023,8169ddf2-4d0a-4eec-81ae-38878c68abcb,8169ddf2-4d0a-4eec-81ae-38878c68abcb
cf16dd23-b264-45f7-ab6f-3c3dacabff9a,33776 Dominique Summit,North Laurenbury,West Virginia,36978,US,2026-02-20T12:36:05,2026-04-04T15:07:40.879359,dd42deb1-50ab-4842-868f-a2f496882c03,dd42deb1-50ab-4842-868f-a2f496882c03
40d8fb30-3c08-4a43-b8d5-929e3648b123,09247 Sanchez Coves,South Ginaland,Missouri,73166,US,2025-10-06T04:30:37,2026-04-04T15:07:40.879747,0d2b0f67-156a-4989-843b-fc5c93eaf9e6,0d2b0f67-156a-4989-843b-fc5c93eaf9e6
0df4b463-ff5c-4971-9f70-17e94c31dda3,6107 Valenzuela Crossroad Suite 741,Thomasborough,Wisconsin,06548,US,2025-10-08T04:23:46,2026-04-04T15:07:40.880132,dec107fc-fbf0-45fe-a6d0-c419f6b60945,dec107fc-fbf0-45fe-a6d0-c419f6b60945
a59cc842-74fe-4707-9bac-bb0167828d5c,6279 Thompson Mountain,Tinashire,Mississippi,36347,US,2025-08-11T02:54:31,2026-04-04T15:07:40.880507,08979188-a648-4791-b7eb-1e7b30139d3f,08979188-a648-4791-b7eb-1e7b30139d3f
e8325e22-ec19-4a9c-9ae9-4dafcdaf6871,131 April Light,Port Chase,New York,70232,US,2025-06-01T08:16:45,2026-04-04T15:07:40.880851,e6bf98f9-149e-4b55-9040-e25150bc5769,e6bf98f9-149e-4b55-9040-e25150bc5769
554aa87e-5042-483c-87b1-aa04ddb691d3,119 Valdez Gateway Apt. 532,Kelseyhaven,Georgia,21446,US,2025-08-13T06:14:02,2026-04-04T15:07:40.881058,62b927d5-dfa4-403e-8017-be6e811184b7,62b927d5-dfa4-403e-8017-be6e811184b7
7ebab83b-bb92-4bd4-a20a-4e56135a2265,14714 Baker Courts,Danielton,Oregon,05558,US,2026-03-13T20:10:18,2026-04-04T15:07:40.881252,43b908c6-63fc-4cc5-aa81-a578f99211fa,43b908c6-63fc-4cc5-aa81-a578f99211fa
a98a2f1b-2ff6-49d0-a897-5d26a2035536,95663 Patrick Bridge,Matthewview,Maryland,61557,US,2026-02-27T06:00:43,2026-04-04T15:07:40.881414,45c3b084-b68f-4ee7-9bf8-c7821a631c75,45c3b084-b68f-4ee7-9bf8-c7821a631c75
1fb91bfd-9b4e-4a3d-ba51-bee2f1e530e8,51160 Wagner Corners,West Henry,Texas,46391,US,2026-01-21T08:53:59,2026-04-04T15:07:40.881602,7cfd99f6-777b-42d5-8ca3-92cc3685061a,7cfd99f6-777b-42d5-8ca3-92cc3685061a
