background_check_id,background_check_passed,background_check_date,background_check_provider,created_at,updated_at,created_by,updated_by
14030184-3124-4e11-97bf-9ae0173851c2,True,2024-04-15,Thompson and Sons,2026-04-14T15:58:18.912146,2026-04-14T15:58:18.912146,98e6a49b-0579-46ec-b02d-e073c8e3c53e,2349077e-cdb0-42ee-a4dd-e848172feb84
ea9fe59f-6c75-4b7e-a67c-bbc734fecbfa,False,2025-03-01,Stewart Group,2026-04-14T15:58:18.912255,2026-04-14T15:58:18.912255,67198baa-ab1c-45c6-8ed1-5fab793e78d5,5744c7dd-af93-4ffc-8f14-6147026aaa19
69748d92-0fa8-4dda-8580-e6b0c7aaef87,False,2024-09-14,Thomas Ltd,2026-04-14T15:58:18.912339,2026-04-14T15:58:18.912340,06c7ad66-2d71-4673-b101-c44a43d38bab,10414ca2-e17d-4927-b5cd-68bda6ca8f94
25ed5dc1-a45b-4101-b714-ccd67b596af2,False,2024-12-26,Pierce PLC,2026-04-14T15:58:18.912418,2026-04-14T15:58:18.912418,ee0f9b75-77a6-43f8-ba5c-d45eaba31d60,28f70250-52e5-4657-a3a2-66f05980f7e2
d99d7109-642c-4f8e-b315-b61665cd5f46,True,2024-09-24,Brandt-Salinas,2026-04-14T15:58:18.912539,2026-04-14T15:58:18.912539,f205b3e5-25a9-479b-aaa1-a5421ca8334d,e228a581-16f5-4c9b-85b8-1ba142c802cf
ad3d732e-2001-4593-b3dc-067d2a3eb316,True,2026-04-08,Lynch-Hubbard,2026-04-14T15:58:18.912658,2026-04-14T15:58:18.912659,f6eb7273-599f-4614-9bcf-50e7e19c23ab,523b241e-7a5a-4e00-92b1-17c6c615d6f3
06eb2e95-3934-4655-be07-27d7bc66a3bc,True,2025-02-09,"Curry, Rich and Gibson",2026-04-14T15:58:18.912843,2026-04-14T15:58:18.912844,e976936e-4f36-49c0-ae7d-5669b9339c62,0219c5c9-eacb-4145-85de-87abaf07b730
9a38cc78-65ce-404a-80ce-5c57b1e72d65,False,2025-11-20,"Allen, Frank and Reed",2026-04-14T15:58:18.913019,2026-04-14T15:58:18.913020,cbf2e9ea-2820-46eb-ad2d-7861593bb742,62a435cf-200d-4cc3-966d-9c0b99304287
95ca76fa-9f1a-47f8-a4d3-8b0c5e6e3d4e,False,2026-03-03,"Ayers, Barnes and Ruiz",2026-04-14T15:58:18.913192,2026-04-14T15:58:18.913193,1b344dc9-6b79-4d34-81d6-076d734f0501,c84ce7a4-5fc3-4c9b-a386-ddb0cfe2b9a7
2f5a1f48-6af9-4959-a5d9-5a827281d39a,False,2024-06-28,"Thomas, Chavez and Woods",2026-04-14T15:58:18.913362,2026-04-14T15:58:18.913362,383d1de3-011a-410b-91cb-cb8162af8e83,0d9f4c2e-e367-458e-9bba-d7e1d7734b53
209532ff-041b-4984-90d3-df54a7e8be8c,True,2025-05-03,Lynch-Ellis,2026-04-14T15:58:18.913481,2026-04-14T15:58:18.913481,613ae733-ff26-4925-8da6-6335a86d7742,b838d107-d875-41f7-9738-c3b5bd9f2bd9
997daac3-cab2-450f-b4b4-0667cf9d013e,True,2025-11-26,"Walsh, Mcgee and Walsh",2026-04-14T15:58:18.913649,2026-04-14T15:58:18.913650,75104005-88c4-4037-b257-386bff7ec3c9,2dd6b648-bb12-40b5-adaf-72e741c952d8
4a04353d-1071-4007-a69e-9d1f3f3621cc,True,2025-09-05,"Ferguson, Ross and Hernandez",2026-04-14T15:58:18.913833,2026-04-14T15:58:18.913833,58dfa29b-6adb-44eb-9bb1-78e181e10ce0,1e9ba9e6-7602-4758-a127-24c07d3c885e
39f83e83-f584-42cb-8f18-721eb804c9c3,True,2025-10-10,Lee-Duke,2026-04-14T15:58:18.913958,2026-04-14T15:58:18.913958,3965ec83-5cb8-4010-bdd7-c421e16e5c88,10414ca2-e17d-4927-b5cd-68bda6ca8f94
0d0d2031-4555-413f-b4e6-30c6a74688bb,False,2024-09-28,Montgomery-Gibson,2026-04-14T15:58:18.914076,2026-04-14T15:58:18.914076,beff0661-a540-4909-876d-213d8d470257,6025894a-9187-4d1c-8a3f-42f841373468
bb6098b8-d152-492c-a77f-46b1895b35b1,True,2024-12-05,"Hurst, Pacheco and Taylor",2026-04-14T15:58:18.914253,2026-04-14T15:58:18.914253,1e9ba9e6-7602-4758-a127-24c07d3c885e,0c2c24f9-71d6-4d72-9c0c-926779b8be1f
3fb23abd-3a19-4c75-9e71-832c85258edc,True,2026-03-03,"Goodman, Lee and Ross",2026-04-14T15:58:18.914418,2026-04-14T15:58:18.914418,83858466-3aff-4897-bdca-d80b2b940d94,62dfbe5f-37d4-4579-8453-c1fd703bc546
fc0e3bde-b4bf-4a3d-8d33-f8c53b5d78a0,False,2024-05-11,"Evans, George and Mccormick",2026-04-14T15:58:18.914580,2026-04-14T15:58:18.914580,d9b7e8cb-e5a2-47fd-afda-dc72d72ca8b2,b523055f-0dbf-465d-a50c-c906af51859f
74068a0f-dcc7-4a75-9090-98626b4949b2,True,2024-12-02,"Alvarado, Jones and Ritter",2026-04-14T15:58:18.914742,2026-04-14T15:58:18.914742,383d1de3-011a-410b-91cb-cb8162af8e83,0d387c3d-4406-4234-9ec2-89e67490dc71
83d1b7f9-2e65-420c-af7e-d29daed335a3,True,2025-05-12,"Pratt, Pope and Clark",2026-04-14T15:58:18.914917,2026-04-14T15:58:18.914917,6a6fba91-3b1f-4e1a-b6f9-76323d7a9e53,f71d3b2e-016b-4bf4-b141-f80fdc646c9f
db820da0-d5c7-425a-83af-6c9b7ca57992,True,2025-05-13,Vincent Ltd,2026-04-14T15:58:18.914992,2026-04-14T15:58:18.914993,b122943b-9a26-4ed8-99ab-cf807f611c9b,02ca57ce-84d9-448e-8d76-aa327348b695
fde28ee1-519b-454a-89b4-71a5b0bfb9ca,True,2025-06-26,Fitzgerald PLC,2026-04-14T15:58:18.915064,2026-04-14T15:58:18.915064,2dd6b648-bb12-40b5-adaf-72e741c952d8,4348e005-96ca-4b99-9525-adef0ccd4f58
d6b2839c-acf2-4698-8b10-055aaa71380c,False,2025-09-10,Smith-Mckenzie,2026-04-14T15:58:18.915183,2026-04-14T15:58:18.915183,6025894a-9187-4d1c-8a3f-42f841373468,eed6a07b-014b-476c-b576-964de73f563e
611745f0-9225-4874-8708-20aff76c75c7,True,2025-09-04,Watson-Tucker,2026-04-14T15:58:18.915305,2026-04-14T15:58:18.915306,39257a2e-87dd-4784-a01a-b95e9dd5f3a1,0b32ac05-6ac7-4cf9-b183-d79f3800b752
c3af0196-1ae7-4c7f-a2c7-8d4fd7213f95,False,2025-10-09,"Jackson, Goodwin and Smith",2026-04-14T15:58:18.915468,2026-04-14T15:58:18.915469,4017f7b0-0b4e-4c39-a568-0332af5c4059,cb2fd0f1-d231-464b-8010-dacddacd800a
ab11f9f9-3566-4aa9-bc80-9aee5b041afd,True,2025-12-20,Chambers-Dixon,2026-04-14T15:58:18.915594,2026-04-14T15:58:18.915595,e7b14b72-f550-4b2f-bd67-443823fc61a2,a854e556-9c0e-4129-832e-1731cd874fc1
645885d3-a997-4c08-80a1-61283d6d4582,True,2024-07-30,"Stone, Hutchinson and Sullivan",2026-04-14T15:58:18.915758,2026-04-14T15:58:18.915758,54159d77-c102-4036-8241-ab42633813ab,6020da51-b9d9-43ba-81c4-015304165f01
01b7c2ff-72f3-4c27-9b1e-374a0bd3958b,False,2026-02-05,Allen-Beasley,2026-04-14T15:58:18.915888,2026-04-14T15:58:18.915888,344d02c0-3ded-4ce8-9049-bc8cbb72dbcd,a086c9e2-8a4c-4f6e-84f9-083b8c53bb71
40da99bf-11ec-40d9-ac05-bdd7d7368eca,False,2025-07-27,"James, Burton and Moore",2026-04-14T15:58:18.916058,2026-04-14T15:58:18.916059,5aef45ea-588c-4e21-9238-cea5329b41de,f8795eb5-e0e4-4b42-8b16-b00383172639
5295924a-bf24-485a-96c6-c9a5110a57c3,True,2024-12-24,Page LLC,2026-04-14T15:58:18.916131,2026-04-14T15:58:18.916131,1584fcee-96a6-4b3f-bf99-686d403efa7e,d007365e-cc1f-4dbb-9287-1f4cf855e2af
613cbc16-cb4c-43cb-951e-618934b04382,False,2025-01-12,Hopkins Ltd,2026-04-14T15:58:18.916232,2026-04-14T15:58:18.916233,3405560c-e71d-46ee-855a-cdbf677f255a,dfc74802-dd4b-42ce-a7be-9602433161c0
2275674b-d865-4210-9d07-a4b030b68fae,True,2025-12-02,Poole-Andrews,2026-04-14T15:58:18.916358,2026-04-14T15:58:18.916358,d8664c37-a5e5-433b-a226-a9b17e834de7,6eef1cf6-09c6-499a-8b11-15d0c363c10e
c9cc8d2a-8b95-4114-b008-51ecbe364b5a,False,2024-12-20,Stone-Galvan,2026-04-14T15:58:18.916479,2026-04-14T15:58:18.916480,4985eacb-c985-4ea5-82ba-41d1e34405ee,220ff07e-390b-453e-99a0-6d57ba333228
6d6b87d5-eb9b-4138-b0b4-69a73a0df758,False,2025-12-26,Neal-King,2026-04-14T15:58:18.916607,2026-04-14T15:58:18.916607,4017f7b0-0b4e-4c39-a568-0332af5c4059,bdbe8277-fbf7-4d92-bb58-4acb6eeffcba
6ffd0aca-78e4-4406-b08c-d970e58fe277,True,2024-10-12,Crawford-Stout,2026-04-14T15:58:18.916737,2026-04-14T15:58:18.916737,83858466-3aff-4897-bdca-d80b2b940d94,220ff07e-390b-453e-99a0-6d57ba333228
e0eab2a4-4d54-4a63-ae9e-c1c2537c55d2,True,2025-06-21,Rios LLC,2026-04-14T15:58:18.916833,2026-04-14T15:58:18.916833,62dea433-10cd-4ec8-9451-f5569bd414cf,dfd073c9-92f5-422f-b3e7-f2f28ee0f4d3
16c220f3-a872-42fe-97d4-f2c1ddcf6d10,True,2025-09-01,Blevins Ltd,2026-04-14T15:58:18.916912,2026-04-14T15:58:18.916912,37a6a30a-65ca-4069-9069-81a66df9fa4e,4fde3337-2f57-4137-a145-29144ddee129
69fc1bd1-80c4-4379-ac1a-2c385b23c25e,True,2025-01-28,Lewis-Decker,2026-04-14T15:58:18.917031,2026-04-14T15:58:18.917032,17db9430-dfb8-4127-a191-b8219566520e,10bf4de9-55a9-40ca-a6e7-e03b046715cf
3e3e2635-6921-43a8-a8b3-9da5422b264d,True,2024-05-14,Nguyen-Nelson,2026-04-14T15:58:18.917150,2026-04-14T15:58:18.917150,0973af5a-3974-4457-8307-71e4ef9bb7e6,ebd9a3c8-79cb-4d2a-bc5d-9ee771ac8bd9
028cd52d-84cf-40d7-828e-4a018efb40e9,False,2025-05-16,"Kaiser, Jones and Byrd",2026-04-14T15:58:18.917316,2026-04-14T15:58:18.917317,b52fe59b-5549-4b60-b1d5-d06715f69ebc,668652b6-02c6-40e4-9ac7-1b34978bbb3f
fdd6996b-0ac0-4185-ad67-3db03f9740cf,False,2024-05-11,"Hobbs, Reyes and Wong",2026-04-14T15:58:18.917484,2026-04-14T15:58:18.917484,e5629953-0c22-4e5a-97b1-24fc51870553,d59c0168-04d2-4ec4-867f-3c390cf81aed
ea88da73-84ca-41e5-bea7-36a826bce9f7,True,2024-09-30,Norton-Johnson,2026-04-14T15:58:18.917604,2026-04-14T15:58:18.917604,ee0f9b75-77a6-43f8-ba5c-d45eaba31d60,75f4d1e3-2165-4eeb-a0f6-18727b716009
70619ef9-22e8-417d-a971-9d483c47053f,True,2025-10-11,"Gray, Cox and Sutton",2026-04-14T15:58:18.917779,2026-04-14T15:58:18.917779,e878a7b4-625a-43c4-9949-d8f72f900dfe,e7b14b72-f550-4b2f-bd67-443823fc61a2
b62487d8-8e16-4df8-a4be-25867bba172d,False,2025-05-13,"Santos, Webb and Griffin",2026-04-14T15:58:18.917968,2026-04-14T15:58:18.917969,2dd6b648-bb12-40b5-adaf-72e741c952d8,e43dd385-fa44-4da7-bc46-a1995c922fb4
36c9e4dc-8033-4b53-8039-5de51f846b38,False,2026-02-18,Hamilton LLC,2026-04-14T15:58:18.918048,2026-04-14T15:58:18.918048,12adb0e1-8f54-4c31-8631-73abb15ad9a1,4b932cfb-da26-47b3-a913-499fd6896932
9a50caaf-d865-4d47-bfde-005c709bf634,False,2025-12-02,"Robinson, Newman and Walters",2026-04-14T15:58:18.918217,2026-04-14T15:58:18.918217,4348e005-96ca-4b99-9525-adef0ccd4f58,76f80ac9-8fd4-44ec-a0d7-ae31612b369c
cc213d8c-370c-4f0d-bd63-706b4af43ae9,True,2025-04-20,James LLC,2026-04-14T15:58:18.918293,2026-04-14T15:58:18.918293,7ca84ed1-bfdf-4abe-9fb7-06ac66c1822a,455415f1-1b97-4b5a-bf0f-add1eaca14bc
e40d2de9-4df6-4cfb-8703-c322f11a8596,False,2026-02-23,Owen-Huffman,2026-04-14T15:58:18.918417,2026-04-14T15:58:18.918417,90d3c6bc-edf7-46f1-967a-274c9b02cb1c,ad08997b-0d94-41e7-894d-5c01e0170e98
1ea091e7-b3a0-43fb-822a-65173af0de2f,False,2025-07-01,"Austin, Vang and Cain",2026-04-14T15:58:18.918586,2026-04-14T15:58:18.918586,3b247b9f-aace-4fc7-a3e7-37345b38d39a,e7b14b72-f550-4b2f-bd67-443823fc61a2
7487d79a-1527-41e1-9d01-1ffcf0887fa8,False,2024-06-01,"Taylor, Dillon and Munoz",2026-04-14T15:58:18.918759,2026-04-14T15:58:18.918759,9ff19c6f-9046-46e3-832a-168d19996536,3a94c1a9-6824-4f37-abc5-f0d8a070d2cd
ef9659d3-bfe8-47c2-b664-b7d05a12fb5e,False,2025-11-19,Garcia and Sons,2026-04-14T15:58:18.918851,2026-04-14T15:58:18.918852,f0288536-77e8-4064-80a4-ae2824d1f134,12cf65e2-a13a-401d-8b9a-23a7d627f3fb
594a0354-e3a3-4740-9028-86261309db1f,False,2025-03-06,Kelly-Brown,2026-04-14T15:58:18.918975,2026-04-14T15:58:18.918976,d705dae6-6c25-45a1-88ba-52244c545425,96eaeafb-9c4d-44a2-b820-f77cbe5cbfe3
bebcf96c-41a0-4101-b62c-9af1294925eb,False,2025-09-10,"Lawson, Padilla and Gordon",2026-04-14T15:58:18.919143,2026-04-14T15:58:18.919144,298461ac-c893-4869-bb1a-a554c36f432d,1faf71e3-3428-4aa1-85d8-09447351d160
838d7b5b-df6c-4f43-8638-4881471df894,False,2024-04-16,"Greene, Pacheco and Johnson",2026-04-14T15:58:18.919315,2026-04-14T15:58:18.919315,8703b392-dc14-48db-9c69-a1f94722ca87,3df45d7a-6fb6-44cf-bf24-3bffcd610387
36290970-3a18-4362-80fc-8eb8d0a759f8,True,2025-04-19,Pierce LLC,2026-04-14T15:58:18.919386,2026-04-14T15:58:18.919386,5aef45ea-588c-4e21-9238-cea5329b41de,0d387c3d-4406-4234-9ec2-89e67490dc71
6f21c544-e988-4454-ad1d-87d1785da54e,False,2024-06-15,"Hampton, Jimenez and Park",2026-04-14T15:58:18.919556,2026-04-14T15:58:18.919556,a9803123-561d-4106-955f-a785a4efdd53,dd6f6847-e9cb-40b1-8374-b9b1d0313a8c
fc96c85a-c5a5-4a18-85ea-e714f214bba5,True,2025-03-30,"Lewis, Davis and Mills",2026-04-14T15:58:18.919732,2026-04-14T15:58:18.919733,164fbc13-e276-4a41-b5cf-98747440ab3b,8bfefbb6-8037-43e8-b490-f0a4f9f24187
203b03d7-77de-43dc-9cc9-884a1e2b6bfb,True,2024-11-04,"Moore, Walton and Castillo",2026-04-14T15:58:18.919917,2026-04-14T15:58:18.919918,1442be7e-4995-4d05-9f0a-9ac28415f710,613a2918-50e9-46b4-9600-d3771e78a194
0a9df5e9-6dd5-4a1a-85b4-bf75740b75a4,False,2025-03-24,"Jones, Melendez and Wagner",2026-04-14T15:58:18.920089,2026-04-14T15:58:18.920089,f60f04f6-e8d6-4b10-a571-e0ad51bd27c3,cbf2e9ea-2820-46eb-ad2d-7861593bb742
3b4b07a0-8d02-4bed-b109-a2b8081dc111,False,2025-05-01,Garrett Inc,2026-04-14T15:58:18.920163,2026-04-14T15:58:18.920164,17db9430-dfb8-4127-a191-b8219566520e,b6a7790b-0f0a-485a-b208-38558a515144
11118c17-d79b-4b1b-941d-3f3d4456788e,False,2025-07-16,"Brooks, Walker and Carroll",2026-04-14T15:58:18.920334,2026-04-14T15:58:18.920334,42f08237-7d3b-407a-85af-a9426d611484,4256fe28-12fc-47ef-8208-90e950ce1eb3
cf92913f-cc6e-499a-b10a-37cd6912fd69,True,2024-09-29,"Johnson, Barnes and Scott",2026-04-14T15:58:18.920498,2026-04-14T15:58:18.920498,5dacdd34-f24b-4239-afd1-99c1ea7e2bf9,5153f608-0e43-4f58-893b-3b851ec1d7b0
5672a915-64e2-4205-99f1-46d13477c3bb,False,2026-02-09,Hooper-Knox,2026-04-14T15:58:18.920615,2026-04-14T15:58:18.920615,e12b4419-0717-45b6-b6a7-33bc48960e76,06c7ad66-2d71-4673-b101-c44a43d38bab
e936dfcb-1e11-49e3-86bd-8f6587109f80,False,2026-02-04,"Levine, Hartman and Wilson",2026-04-14T15:58:18.920779,2026-04-14T15:58:18.920780,5c05e525-b2ac-40e4-8e5d-b04324b16604,1e5b1404-5ecd-495a-8cab-b5b108f1c064
cd8f05b7-4b86-4a37-bc92-32af576d7b3a,False,2025-09-28,Mccann and Sons,2026-04-14T15:58:18.920865,2026-04-14T15:58:18.920866,97cd68d3-8c88-41bc-b617-2f41bf438a68,19a4c9d1-c4cd-4c85-ad82-03f38a1ac287
dffb5ced-f5b2-400d-b7d4-611fa2fb9c27,False,2026-03-11,Salas PLC,2026-04-14T15:58:18.920942,2026-04-14T15:58:18.920943,f6453d39-b399-432d-96b9-771a3758940b,477672f6-e59f-4563-84be-74792456ed18
f969c442-895b-4cba-b20b-aca77d1f6836,True,2024-09-12,"George, Mueller and Harris",2026-04-14T15:58:18.921108,2026-04-14T15:58:18.921108,4881dc10-6978-41c5-ad48-1dd9bf60946f,4b3804c8-663c-4b50-b0fb-797a9d666b64
2ad4e615-7759-4cb9-9993-4eb875c9adeb,True,2025-02-06,Miles-Williams,2026-04-14T15:58:18.921272,2026-04-14T15:58:18.921272,21e4c62b-088a-453e-9055-28b963fd66e6,95e22b4a-0f5c-4e34-af2f-c76bbd921279
77955cea-9da8-45f6-8ab3-b28bbd152692,False,2025-03-25,Thomas Group,2026-04-14T15:58:18.921371,2026-04-14T15:58:18.921371,54159d77-c102-4036-8241-ab42633813ab,f0288536-77e8-4064-80a4-ae2824d1f134
ff5bc485-575c-4f22-a585-ff22f40ea0b9,False,2025-02-01,Barron and Sons,2026-04-14T15:58:18.921455,2026-04-14T15:58:18.921456,df47f9d4-04f6-4ea7-adcf-974de3e670fe,fbb48d46-82b4-489d-adfc-a2dbb01433c1
23cc5154-e7c7-44f7-a12b-0e202bd66df1,True,2024-10-24,Gomez-Levy,2026-04-14T15:58:18.921597,2026-04-14T15:58:18.921597,f6eb7273-599f-4614-9bcf-50e7e19c23ab,68ec638d-68da-48b3-988e-fd43440bf633
1a007242-00ed-46f0-90a4-5c51ce7d8076,True,2024-09-07,Allen PLC,2026-04-14T15:58:18.921668,2026-04-14T15:58:18.921668,34641764-67a8-4429-b5d1-5fe4c8f841ec,78a7be38-5984-4d70-94c7-9461de012e67
ee7e2503-5dc3-45c6-b526-d4f35a0c02bd,True,2025-06-22,Moreno Group,2026-04-14T15:58:18.921739,2026-04-14T15:58:18.921739,5576b20e-723c-4e0c-ab12-e7fe75aa3612,523b241e-7a5a-4e00-92b1-17c6c615d6f3
a957b319-232b-4b5c-aaee-234131baed3a,True,2025-01-07,Taylor-Jackson,2026-04-14T15:58:18.921872,2026-04-14T15:58:18.921873,d30da238-90d9-428d-83c2-4d55709a5ecc,15b5aa7d-2b75-4d4f-9660-be50b67d8a98
a858ab1e-7579-4af0-979a-0bed8a7c80b8,True,2024-11-09,"Wheeler, Montgomery and Riley",2026-04-14T15:58:18.922049,2026-04-14T15:58:18.922049,12b281cd-f56e-420f-bc6f-6b361b4e8f39,3a3f7a1c-afef-494b-ad86-e6edb2531f47
c2d18bd3-7c2b-4aea-8ecd-b60e03fa1f85,False,2024-10-12,Norris PLC,2026-04-14T15:58:18.922122,2026-04-14T15:58:18.922123,b65ecc5b-ec3d-4b34-8d8c-0ee560a5ba24,cf12cecf-3888-4b24-93e2-cbd9ecf47c18
fea568ff-963a-48fe-a911-f70e0321d59d,True,2025-10-03,Little Inc,2026-04-14T15:58:18.922200,2026-04-14T15:58:18.922201,f42cb056-59c9-480c-8763-d870fa4fb843,9123164f-03f5-450d-886c-c7e4a6d651d2
f7dff7b0-a3cf-483d-9503-7ed3ba747659,False,2025-12-11,Chen-Moon,2026-04-14T15:58:18.922326,2026-04-14T15:58:18.922326,6b5aa091-0ae7-466e-9575-a02e11b18578,1bb9708e-a264-4b94-83c5-55a5381350c3
d7f07ba0-c60d-457f-8899-31608f527f3e,False,2025-05-30,Perkins-Hayes,2026-04-14T15:58:18.922448,2026-04-14T15:58:18.922448,11b0994a-6293-4c1e-9b7f-4761b9240f9e,b3225aca-aad1-432d-801f-1946ee04ddae
42b0735e-459d-4354-a671-7aa321be94a1,False,2025-07-08,Warren-Miller,2026-04-14T15:58:18.922568,2026-04-14T15:58:18.922569,cb2fd0f1-d231-464b-8010-dacddacd800a,194d7189-fef4-4880-9128-0bddbec5eaf4
d7927ce9-fe1a-4767-92d1-96031f76c43e,False,2024-12-25,Bailey-Riggs,2026-04-14T15:58:18.922688,2026-04-14T15:58:18.922688,93b0eccf-035d-4916-af26-3644b474a34d,1d695a77-9e26-4b01-ad45-25a1f2180517
185cd338-aa4a-48e1-b416-cd15c4046033,False,2024-05-26,Ellis PLC,2026-04-14T15:58:18.922761,2026-04-14T15:58:18.922761,5083bc36-eae3-4bae-a011-69f3f464995d,8703b392-dc14-48db-9c69-a1f94722ca87
090f93a3-40bf-4529-856f-fa8b60f1213d,True,2024-10-22,Norton Inc,2026-04-14T15:58:18.922848,2026-04-14T15:58:18.922848,a91c3d90-fa63-45b2-8d6e-71546de69459,cc4299ed-e82f-4629-ae00-c8ad4976e306
ec4980df-7080-4b8e-8f8b-482d881a80b6,True,2024-05-17,Hines PLC,2026-04-14T15:58:18.922925,2026-04-14T15:58:18.922925,62a435cf-200d-4cc3-966d-9c0b99304287,b9bd4dac-2ac4-437f-8718-74cd813f683f
7f94cf30-e9be-4dfe-bb56-5626bde65e5d,True,2025-01-22,"Dennis, Cummings and Cole",2026-04-14T15:58:18.923095,2026-04-14T15:58:18.923095,37f2d8c3-bb4d-4490-bfc0-56a3c3290465,0de6ca4a-ab71-4f29-95af-2b84696f48fc
3a5de0db-aae1-4be4-a9fc-3ed917378d99,False,2024-04-16,Chavez PLC,2026-04-14T15:58:18.923169,2026-04-14T15:58:18.923169,54159d77-c102-4036-8241-ab42633813ab,8ea22771-3bab-4890-a33d-7ff46174c512
bc8bad5c-e61b-44f3-bd35-89aab21a3484,True,2025-12-31,"Guerrero, Johnson and Gibson",2026-04-14T15:58:18.923354,2026-04-14T15:58:18.923354,4d9d3d09-3a5b-42df-b2a9-33ac6436f3e7,2dcb04db-601a-40f2-88f6-1015d68bf484
888826b4-c0b2-4cfa-8734-e8c334d05f59,False,2025-07-23,Brown-Herman,2026-04-14T15:58:18.923479,2026-04-14T15:58:18.923479,d705dae6-6c25-45a1-88ba-52244c545425,90a297e6-622f-4b1b-8747-85ebf4398d45
c2cb5e18-4833-4ffd-978a-ce3b1b7f2b39,True,2026-03-31,Reynolds-Campbell,2026-04-14T15:58:18.923610,2026-04-14T15:58:18.923611,3b4467bb-b3ff-4503-bf9f-279e5bfa7966,2015adab-b7db-4307-b6fd-1d6f745ff2b1
6bf22732-8171-4ee9-b941-d2938f50ccfc,True,2025-04-07,Johnson-Hicks,2026-04-14T15:58:18.923735,2026-04-14T15:58:18.923736,0de6ca4a-ab71-4f29-95af-2b84696f48fc,cd9a8acf-fd78-41df-8be4-daeb5075e08c
5610ef80-474a-4a65-bfb8-346ea8113f18,True,2025-07-05,"Sullivan, Carson and Townsend",2026-04-14T15:58:18.923927,2026-04-14T15:58:18.923927,d64d6f7d-eb6f-491f-8143-cbca9769346f,8b523dcb-fe3d-4674-ac03-e2faff2b0858
35657a08-09cb-48a5-bf6e-43dee320a26a,True,2024-08-17,Collins Ltd,2026-04-14T15:58:18.924009,2026-04-14T15:58:18.924010,cbf2e9ea-2820-46eb-ad2d-7861593bb742,e2dfb3ba-5325-4a5c-90c9-8118f9c0c566
08e18e34-9436-4281-9c63-aaf12e6fede3,False,2025-06-22,Watkins-Thomas,2026-04-14T15:58:18.924134,2026-04-14T15:58:18.924135,f5c1694e-e2fd-47ed-9a3b-aea5432ac5c1,fbb48d46-82b4-489d-adfc-a2dbb01433c1
e9d4e855-7c1e-40ef-a133-a59b9d5acd82,False,2024-04-25,Shaw-Smith,2026-04-14T15:58:18.924269,2026-04-14T15:58:18.924270,194d7189-fef4-4880-9128-0bddbec5eaf4,c57c7bec-6bc4-4f41-8dad-90417ef0e88d
62c7f30c-89dd-4379-b8af-f23c9a71f0dd,True,2024-08-17,"Coleman, Cortez and Patel",2026-04-14T15:58:18.924444,2026-04-14T15:58:18.924444,19c5adcd-6a27-4759-a1c8-22a21331affb,9e33b3fd-2080-4113-b9be-815db5c4400d
df600203-c310-4e98-9809-0e9cabd0c84f,False,2025-05-07,"May, Hampton and Wilson",2026-04-14T15:58:18.924614,2026-04-14T15:58:18.924615,c222d887-7f5e-465d-9e49-b366c7866dee,07d0d960-389a-49ef-9a29-e7b13e378276
43fddac3-8c13-4b4f-b042-4477ff324a99,False,2025-04-17,Booth-Li,2026-04-14T15:58:18.924742,2026-04-14T15:58:18.924742,99b05c29-6f5e-44d2-81cc-de5501e24114,4d1475ff-9dd0-444f-b88b-1a59ee4152b1
e51d3c1f-30a7-45ec-8589-00eace3bf2ec,True,2026-02-10,Smith LLC,2026-04-14T15:58:18.924819,2026-04-14T15:58:18.924820,7e6120b2-255d-41ab-a20c-344e9e395532,4b3804c8-663c-4b50-b0fb-797a9d666b64
e81a4169-32b9-450c-942a-cddae126dc07,True,2024-09-06,Clark-West,2026-04-14T15:58:18.924961,2026-04-14T15:58:18.924961,4ce771af-f064-4ca9-b266-e0ac90f65853,d6abfe78-ddcb-41f4-8c60-ef404449d6ef
0376f9fa-52ad-4edf-b039-8aee676dcae3,False,2026-04-11,"Wilson, Foster and Williams",2026-04-14T15:58:18.925138,2026-04-14T15:58:18.925138,5c5e25e3-26fb-4d94-bdb0-9ec564bf9a5c,56cd1789-7172-4116-8666-e471598bcb15
