id,contractor_id,certification_name,certifying_body,certification_number,issue_date,expiration_date,certification_document_url,certification_verified,created_at,updated_at,created_by,updated_by
b458cc34-c80a-484b-95b0-51b656b1ca14,6e88b99e-9d49-4203-8869-aca1eaacd58c,OSHA 30,Guerrero and Sons,44778,2024-07-16T08:28:59,2028-05-22T01:14:32,http://www.hess.com/,True,2026-04-15T17:29:01.794655,2026-04-15T17:29:01.794656,915ad0cf-98b8-416a-ba56-614b6152d7f9,f6b4afb1-b003-45b9-a93f-0b82b96e6cdc
8c989256-6c21-4c84-a530-5af073cfaff0,d915f117-ab81-4b17-9d4f-b3ee8c8c718e,First Aid,"Rivas, Fuller and Fitzgerald",19412,2021-09-20T08:50:36,2027-10-29T18:21:21,http://www.elliott-reed.net/,False,2026-04-15T17:29:01.795020,2026-04-15T17:29:01.795021,b9b23dac-fc8e-4685-996f-f924ceb4e649,4d3d8b84-f13e-4f50-b57f-16c879722558
09b84ed4-e07e-49f0-8318-0dc69dba58a3,5c8563c0-67d3-41c7-8677-71e2352ee89b,OSHA 30,"Dalton, Bell and Ortiz",95022,2024-11-27T14:01:01,2028-09-06T16:15:52,https://newman.com/,False,2026-04-15T17:29:01.795304,2026-04-15T17:29:01.795304,73b9f698-b95c-4d56-bfab-b1ca28a85da5,6025a53a-0370-4735-8189-50dc8958004d
ae0f9272-928e-474e-bf9f-ebc006dab321,5c8563c0-67d3-41c7-8677-71e2352ee89b,Confined Space,"Holmes, Smith and Osborne",32323,2023-10-31T01:39:29,2028-09-10T03:02:14,https://www.holmes.com/,False,2026-04-15T17:29:01.795668,2026-04-15T17:29:01.795668,3c94b998-b36c-49bc-95bb-0a7d9d928216,272c424b-d7d0-4c5c-94e1-00778c484f98
e7d75a47-46db-4af6-aa60-cf5e90312fa5,5c8563c0-67d3-41c7-8677-71e2352ee89b,OSHA 10,"Mendez, Saunders and Johnston",62207,2024-05-26T02:52:26,2028-02-03T22:21:40,http://www.boyer.biz/,True,2026-04-15T17:29:01.796032,2026-04-15T17:29:01.796032,3c780acb-34ff-432a-81b7-13bc865d2f58,2e06ddbd-9d3b-45ba-a970-cb38c8438390
d4243ae5-b66e-423c-add2-a59cea5be4c3,943f6010-5fe5-4ce5-a56d-321fce1fcfe4,OSHA 30,Bryant Inc,25856,2022-12-27T02:26:20,2027-01-24T08:56:01,http://walker-hines.info/,True,2026-04-15T17:29:01.796242,2026-04-15T17:29:01.796242,8881981f-04aa-43d5-81e7-754a294418d8,890968f5-afae-4323-b04b-45e422e4b8b0
2c800896-d969-4459-b4a5-0c1885dbf649,943f6010-5fe5-4ce5-a56d-321fce1fcfe4,First Aid,Phillips-Randall,19737,2023-02-20T03:17:09,2027-09-30T23:33:53,https://www.byrd.com/,True,2026-04-15T17:29:01.796578,2026-04-15T17:29:01.796578,c0364dc8-da43-4e8a-ac1c-eb4f0af7d7f4,af553369-294b-46a5-86c3-9130065dee82
d3e351cf-4072-4a78-adaf-cef9b96635c1,799dc9f3-5a53-4eb7-a6d9-5af176bf25b3,OSHA 30,Hurley-Hodge,45830,2022-10-31T21:31:15,2027-08-27T16:25:25,https://www.clay-erickson.com/,False,2026-04-15T17:29:01.796845,2026-04-15T17:29:01.796846,8033ff4b-5d60-4693-adf5-34d76e4e85b5,e04752b2-9b8f-4da5-903a-44d8cc176e45
55a22c73-8dc9-4dcb-8fbb-aa208039df9d,fa02fa72-d1e8-4fb3-9bf8-bb8216cfbab6,OSHA 10,Gutierrez-Johnson,10013,2024-03-03T21:24:27,2026-07-02T02:52:53,http://www.wood-pearson.org/,True,2026-04-15T17:29:01.797108,2026-04-15T17:29:01.797108,53241016-d20a-48ec-8d29-c416cc69b531,8941c755-1100-4515-91d0-a35e15a70436
2a1509ad-c5a8-4d11-89d9-f114c044c1ac,4ef21ad5-5fa2-44dc-8fea-e1a402b2b9dc,OSHA 10,"Boyle, Valdez and Clark",69584,2022-01-04T02:34:02,2026-10-21T07:54:20,https://www.fowler-dominguez.com/,False,2026-04-15T17:29:01.797425,2026-04-15T17:29:01.797425,a001f0d8-8aac-431e-ac81-8c4211821d9e,fa57b61a-18b9-4a5f-9b32-cf1bf36a9578
b6eca5a9-6369-44d1-95b4-dc4d79851b02,4ef21ad5-5fa2-44dc-8fea-e1a402b2b9dc,OSHA 10,Henderson Group,17427,2023-06-18T19:55:57,2029-02-19T20:34:41,https://hines.org/,True,2026-04-15T17:29:01.797581,2026-04-15T17:29:01.797581,793c833a-85aa-4f21-84ff-716edf65a718,fc73400b-64f7-4b88-b3f6-86378dbf102a
d45af554-444e-489a-a844-9436958fb9af,f074a671-cd8d-4ce5-a818-aed97319f760,First Aid,"Hendricks, Pearson and Davis",54753,2022-09-16T09:21:33,2027-12-29T11:14:28,http://www.garcia.com/,True,2026-04-15T17:29:01.797948,2026-04-15T17:29:01.797948,f02b00ba-2977-40dd-9214-8a76821a2f87,2bc52d9f-4ea2-4f06-b3a6-5fd7f083d063
05c5347a-cb1a-47dd-adc3-83af6607851f,eaa92bdd-964d-4476-ad19-45d739f9ff6a,Confined Space,"Rosales, Mendoza and Dillon",39592,2024-09-13T06:57:23,2027-12-06T22:20:33,http://www.ramsey.org/,False,2026-04-15T17:29:01.798210,2026-04-15T17:29:01.798211,e6339030-182b-4d07-8238-f83485ed89b3,955381d6-663f-4e02-bdb5-4b311df051f3
1904e312-5f7f-4c87-8331-ab9653b8dc9a,eaa92bdd-964d-4476-ad19-45d739f9ff6a,First Aid,Johnson-Lamb,46123,2022-03-26T06:36:30,2026-11-18T01:02:50,http://banks.com/,False,2026-04-15T17:29:01.798542,2026-04-15T17:29:01.798542,b3f0b29e-25f9-4dee-8199-ff41995819e3,06d6219d-fdf8-4120-9636-4965b3d9bf85
a2c35d3d-49f1-4b7b-a522-4b62bf266c18,eaa92bdd-964d-4476-ad19-45d739f9ff6a,OSHA 10,Rodriguez Ltd,91248,2023-08-27T00:12:43,2029-02-02T10:03:32,http://kaufman-riley.com/,False,2026-04-15T17:29:01.798750,2026-04-15T17:29:01.798750,b9b23dac-fc8e-4685-996f-f924ceb4e649,e6115675-4931-4053-b8f3-0d07e5d90c17
80380403-aaa8-412b-aa7f-05141362b0df,b3086a7a-de36-4a70-86eb-6cf30d7bca4d,OSHA 30,Diaz Ltd,99024,2021-12-02T13:18:42,2028-10-17T03:59:18,http://www.jones.info/,True,2026-04-15T17:29:01.798909,2026-04-15T17:29:01.798910,04c68f8d-50cf-4207-95f2-47d852ed9abe,6693925f-d7c7-4683-bdf8-c7a90036fcfc
97bd0ab7-706a-452a-ac27-0adae1f628b7,b3086a7a-de36-4a70-86eb-6cf30d7bca4d,Confined Space,Williams-Boyd,40549,2021-12-14T07:24:01,2027-08-19T03:53:50,http://www.cruz-gutierrez.com/,False,2026-04-15T17:29:01.799162,2026-04-15T17:29:01.799163,ac7396d1-94ca-4f3b-a4d8-67695785a95d,5b68498f-deeb-465e-a3f0-eab32709b2ae
d57a781a-5ad1-42d2-b450-a9f3505162b5,b3086a7a-de36-4a70-86eb-6cf30d7bca4d,First Aid,"Fuller, Lucero and Barron",72705,2023-06-02T21:39:48,2026-08-09T20:52:38,http://www.meyer-reed.com/,True,2026-04-15T17:29:01.799467,2026-04-15T17:29:01.799467,8c3e49c2-c06a-4f0f-ad21-5480245cfcd7,d3dd3ac2-dd9a-4653-9888-483c53266d4f
9d1f3767-8ea9-48cb-a90f-4b1b08b3eca7,29134b3b-e41a-4acf-a643-9b4454e734eb,OSHA 10,Stevens-Aguilar,69689,2024-11-21T22:03:49,2027-06-19T15:00:29,https://www.castro.org/,False,2026-04-15T17:29:01.799671,2026-04-15T17:29:01.799671,e15b85ae-977a-4b92-b5cd-b7ccc86622bd,890968f5-afae-4323-b04b-45e422e4b8b0
cdcb2fee-b6a2-4ac3-a598-2725438b35e5,29134b3b-e41a-4acf-a643-9b4454e734eb,OSHA 30,Harding Group,38078,2023-10-15T22:33:39,2027-02-15T17:45:08,http://young.com/,False,2026-04-15T17:29:01.799922,2026-04-15T17:29:01.799922,aa9873b1-8a87-4ee0-a93f-c86281cc9d19,441cc668-8a09-48a2-9441-db62e8d152c6
02e56ddc-2a06-463a-9481-c01ca140d6eb,114dd698-f45f-41ce-b2c6-f870d2081962,First Aid,"Smith, Cruz and Cortez",49695,2024-06-11T05:54:21,2027-03-12T13:33:43,https://www.woods-novak.info/,False,2026-04-15T17:29:01.800243,2026-04-15T17:29:01.800244,bd7c13cf-44b7-4c7b-b7af-dbf5b220dd79,e15b85ae-977a-4b92-b5cd-b7ccc86622bd
f6c29f43-811c-42a9-ab78-19f86011f8db,d56c2465-8bbb-4114-a028-956f97bab992,First Aid,Goodman Ltd,57761,2025-01-15T13:31:42,2027-02-05T04:55:08,https://www.crosby-carroll.com/,False,2026-04-15T17:29:01.800466,2026-04-15T17:29:01.800466,3fd3b8c4-92be-4c33-9f04-bf010ab5e497,479ca770-7b90-4e73-a3a0-37e73f27ed9f
7b4c21b3-0f07-46ab-8921-d0be9c34d3ed,d56c2465-8bbb-4114-a028-956f97bab992,OSHA 30,Adams Inc,18722,2023-05-28T15:30:30,2026-09-18T06:23:45,http://www.miller.biz/,True,2026-04-15T17:29:01.800831,2026-04-15T17:29:01.800832,acacd1b1-7ba3-4eeb-9275-844c3461b4e4,197604fd-c7f8-4e0d-be53-b70ab3ce870b
e8c0aef3-8f20-4bf2-8b3a-f692fae8bb12,28e39897-9c3b-4bc0-a93f-d2881f8fca73,Confined Space,Koch and Sons,83229,2023-11-11T13:24:46,2028-04-11T11:04:24,https://richardson.com/,False,2026-04-15T17:29:01.801206,2026-04-15T17:29:01.801206,bd7c13cf-44b7-4c7b-b7af-dbf5b220dd79,b264b5aa-a755-42cf-8088-b995e96e6977
30d9939c-a221-4a38-be36-13d31cb82371,0c2ec4c3-307d-4518-8f71-0422b8d16965,OSHA 30,"Harris, Stewart and Burke",72180,2025-03-18T23:38:45,2026-06-03T04:51:17,https://www.burns.com/,False,2026-04-15T17:29:01.801719,2026-04-15T17:29:01.801720,1feba758-273d-4e9b-96f9-bcf3413a66f4,03b77240-5a87-4cc0-b02b-460f480593ac
53ee746d-d853-4f21-b020-2370a21ac046,0c2ec4c3-307d-4518-8f71-0422b8d16965,OSHA 10,"Morris, Guzman and Mosley",45837,2022-09-01T17:56:41,2029-04-02T09:46:35,http://www.leon.net/,True,2026-04-15T17:29:01.802271,2026-04-15T17:29:01.802272,e3628254-700d-4c90-bbec-f8ae15c82e6f,30e70031-a753-4296-ae9b-db43ee66dae1
60fe0d3d-ae8c-4dd5-b35b-96af2596758e,5280593e-e3c0-422b-b9b8-9cb1ba07d2e1,OSHA 30,Williams Ltd,91234,2022-03-17T15:01:42,2029-03-21T05:19:14,https://www.brown-foley.org/,True,2026-04-15T17:29:01.802602,2026-04-15T17:29:01.802603,f6e4b434-e940-4710-8463-d9bd52064031,acacd1b1-7ba3-4eeb-9275-844c3461b4e4
b8894fd6-4f84-4d9d-be52-f8b8f6376e8a,8d76ac42-1208-4583-9fb9-8a2345f5b8d6,Confined Space,Gibson-Moyer,84382,2021-12-05T12:45:36,2026-09-21T06:42:12,http://morrison.org/,False,2026-04-15T17:29:01.803110,2026-04-15T17:29:01.803110,f26d9136-a2b9-4310-b4a5-9a97b8372630,01843eb5-5e0e-43be-898b-f5f201519ea4
61586f15-f505-47ae-a1e9-d2491483143a,8d76ac42-1208-4583-9fb9-8a2345f5b8d6,First Aid,Hensley Group,11274,2021-04-15T17:59:01,2026-06-17T06:57:43,https://www.gutierrez.com/,True,2026-04-15T17:29:01.803377,2026-04-15T17:29:01.803378,0192305a-439c-42af-881d-3efd0d69be54,c04118c1-d785-4d2b-bec4-70538510f35f
321eb9da-c1af-47a2-b48f-819ec2c288ed,8d76ac42-1208-4583-9fb9-8a2345f5b8d6,First Aid,Wilson-Ramos,82262,2024-03-29T17:26:27,2026-09-14T10:49:22,https://www.watts.biz/,False,2026-04-15T17:29:01.803853,2026-04-15T17:29:01.803854,5b27b1ff-9462-493d-8e27-d387fecc444c,8e5ec5a1-b715-4019-ab76-2ee039265217
b192ccda-691c-4d82-b045-92bf1dfbf3d2,124b695e-fed8-4138-ae4d-573dea7123e1,First Aid,Ashley LLC,85712,2024-10-28T05:58:58,2026-09-19T14:28:33,http://werner.com/,True,2026-04-15T17:29:01.804266,2026-04-15T17:29:01.804267,5bbd623f-b0c2-434d-9b35-9d99124785cd,e04752b2-9b8f-4da5-903a-44d8cc176e45
d014c42e-ef01-4e8c-9976-ee68b1e82bbb,124b695e-fed8-4138-ae4d-573dea7123e1,OSHA 30,"Green, Ashley and Ramirez",57277,2024-05-14T15:59:42,2027-06-13T08:42:36,http://allen.com/,False,2026-04-15T17:29:01.804810,2026-04-15T17:29:01.804811,e3628254-700d-4c90-bbec-f8ae15c82e6f,60c107af-9b4a-41a5-a933-33d80b3ee487
a53986a1-4efa-4b56-98c1-bb796394a4e8,124b695e-fed8-4138-ae4d-573dea7123e1,OSHA 30,Brown-Novak,79434,2024-02-15T01:45:28,2028-07-06T18:37:11,https://barnes.com/,True,2026-04-15T17:29:01.805248,2026-04-15T17:29:01.805249,8d8ac998-625f-4c2a-9a00-8f62e8459884,1feba758-273d-4e9b-96f9-bcf3413a66f4
2f7de8c1-6810-41f7-9558-23ff81657314,f48f168c-2b00-48e3-ac80-9d4d9a5415ef,OSHA 30,Hicks-Campbell,34683,2021-12-13T07:15:01,2028-05-12T21:46:22,http://www.morgan.com/,True,2026-04-15T17:29:01.805551,2026-04-15T17:29:01.805552,d265ab57-d679-433b-aa05-0d97849d0f11,2540abd7-5fb1-4ae1-849d-1e8a1059e50e
1fd2d734-3d01-4226-ac59-978cf8f9b712,a0b1fddf-c17d-403c-b193-cea8d882c689,First Aid,"Cole, Suarez and Ochoa",35501,2022-11-22T04:40:17,2028-06-04T19:24:24,http://ward-carroll.com/,False,2026-04-15T17:29:01.806010,2026-04-15T17:29:01.806010,b675342a-11f0-4e6c-bdfa-36d101e841fd,88438604-ebd8-4bdb-b3e7-e1feba25313d
04dbc8ed-961f-4b7e-82f9-8f523bffebd6,62e49b17-6931-4cd3-b17e-d78170c509a2,OSHA 10,Carpenter-Hale,29469,2022-10-29T21:53:01,2027-08-26T06:01:56,https://www.jennings.com/,True,2026-04-15T17:29:01.806327,2026-04-15T17:29:01.806328,23ddb524-9c49-481c-8bd4-4acd306cf8d2,1d43b768-5ac8-46b8-ae69-a0cbb463fcef
235b570a-2d79-4771-aa94-917e3f6adea9,62e49b17-6931-4cd3-b17e-d78170c509a2,OSHA 10,"Morton, Rose and Nunez",50449,2025-03-13T01:27:19,2027-12-25T16:20:25,http://fry.com/,True,2026-04-15T17:29:01.806856,2026-04-15T17:29:01.806857,10f6e349-bbb5-4634-ab7c-9459101ddfd0,8fe5efae-4b8e-4807-a660-697f0dab03eb
afc6bc6c-5368-40d8-b74c-ec949a88aefc,8a92ca01-9637-4ef7-b10a-2a84ef750f7b,Confined Space,Russell-Gallagher,73288,2022-01-15T15:35:32,2028-09-13T21:29:33,http://www.smith-scott.com/,False,2026-04-15T17:29:01.807254,2026-04-15T17:29:01.807254,9a3a3aba-27a3-4527-860d-54173374e22f,384df1ba-20c9-4e87-8168-1b5ae0404707
aac0fdfd-3e60-4958-a4cb-ce25b7dac530,8a92ca01-9637-4ef7-b10a-2a84ef750f7b,OSHA 10,Vazquez PLC,84356,2024-01-20T00:02:21,2026-05-23T01:34:51,https://lewis-myers.com/,True,2026-04-15T17:29:01.807611,2026-04-15T17:29:01.807612,8033ff4b-5d60-4693-adf5-34d76e4e85b5,4ef3d95d-b3be-4068-9781-a27da591ec02
eb668e7a-377b-4c0f-b600-bcbad5e6be94,1bce6ad4-54f8-45a1-845a-e8f3240fdd93,First Aid,Osborne and Sons,22696,2022-02-27T00:39:06,2027-02-01T12:14:51,https://sherman.com/,True,2026-04-15T17:29:01.807969,2026-04-15T17:29:01.807970,ea9d1093-2430-4ff9-b141-2cc5ef87d68a,cbeeb92b-edd8-41f5-9f57-e5c679702911
0637324b-d706-4e5e-b651-f54d2193b563,4d8d842a-1509-4ee7-9229-c96187a2d989,Confined Space,Thornton-Vaughan,14043,2024-10-12T20:18:13,2028-04-17T09:49:48,https://ellis.com/,True,2026-04-15T17:29:01.808550,2026-04-15T17:29:01.808551,748d4101-1f6e-4f03-bfdc-f8dcce40ba1b,63b48aa4-deac-4a76-a832-563b66d624ad
4ecf3a59-43c9-4712-8b88-4b17fa1862ab,4d8d842a-1509-4ee7-9229-c96187a2d989,OSHA 10,Mckinney and Sons,19603,2025-02-27T15:54:28,2027-04-02T00:40:29,https://www.murray-wang.com/,False,2026-04-15T17:29:01.808806,2026-04-15T17:29:01.808807,17abccd6-b78e-4c07-a165-fdbdf39aaa4f,cbeeb92b-edd8-41f5-9f57-e5c679702911
68149061-34f6-45b9-a186-52bbd96e9ef0,4d8d842a-1509-4ee7-9229-c96187a2d989,OSHA 30,"Hodges, Morrow and Higgins",49128,2022-04-26T12:17:48,2028-01-03T14:55:56,https://galvan-anderson.org/,False,2026-04-15T17:29:01.809170,2026-04-15T17:29:01.809170,6d50f9d6-1d18-4eb6-a5a6-63b45a88af0c,e04752b2-9b8f-4da5-903a-44d8cc176e45
333331d2-c4c6-4054-99ad-559d5d48c026,a52f1f75-b107-4c5b-a89f-985dfb97b34f,OSHA 30,"Garcia, Davis and Roberts",89698,2023-09-28T12:59:54,2027-06-30T07:02:09,https://www.hughes.net/,False,2026-04-15T17:29:01.809548,2026-04-15T17:29:01.809548,ee1fbe75-f769-4b72-804e-364ba5031050,92b9fc3c-246e-4ba6-82b1-0ff181edfa58
eb618b26-5033-4c01-bc67-1940f341e4d2,a52f1f75-b107-4c5b-a89f-985dfb97b34f,Confined Space,"Thomas, Rodriguez and Carter",67795,2024-02-23T00:07:30,2027-03-14T02:58:40,http://www.anderson-zhang.org/,True,2026-04-15T17:29:01.809860,2026-04-15T17:29:01.809861,9944273e-6ce0-4802-9806-35b9d9ca2d6e,20573264-a667-4e73-942c-6a5514c33016
93498f2b-be9f-41af-b44e-111872a44832,a52f1f75-b107-4c5b-a89f-985dfb97b34f,Confined Space,Reed-Cruz,29254,2022-04-07T08:40:57,2027-07-21T01:30:56,https://www.jones.info/,True,2026-04-15T17:29:01.810071,2026-04-15T17:29:01.810071,bdb6f702-ecf4-43df-90f2-43e77254226f,75b021bd-4282-4cdd-864c-f19bc1ab746a
5bbd2d8d-f875-4c29-9cf7-43063a7f15a6,402e5ba7-1244-42ac-a339-0f3b0c1a1627,OSHA 30,Wagner Group,19606,2024-10-06T14:30:13,2028-06-06T08:48:13,http://ross-horn.org/,True,2026-04-15T17:29:01.810281,2026-04-15T17:29:01.810282,7c9e5d6a-3732-48e0-b950-15dd737ca8f8,89b5eacb-a144-4c8f-8824-b81522942daa
11d37bfb-69b4-4aca-b43a-ebfc5558e220,402e5ba7-1244-42ac-a339-0f3b0c1a1627,OSHA 10,"Delgado, Schaefer and Allen",17282,2021-08-24T13:50:30,2028-01-26T02:39:23,http://www.frazier-haas.biz/,False,2026-04-15T17:29:01.810585,2026-04-15T17:29:01.810586,69ec720d-7daa-4c73-9ddd-c3bd93aad59e,3b3e6f21-74fd-466b-ad67-2648a1cf86e8
088ab252-559c-413e-8d23-fdea673fd974,402e5ba7-1244-42ac-a339-0f3b0c1a1627,First Aid,Blair Ltd,61579,2021-11-26T06:17:16,2026-06-26T01:40:06,http://dodson.com/,False,2026-04-15T17:29:01.810740,2026-04-15T17:29:01.810740,f008d42d-4b4a-4b10-a26e-8fc5fc1be7fa,44d98296-744a-42d6-8f2a-05297193d75b
71ae528d-6791-4422-bffb-d4f6ac30c40f,a5c1a708-e2dd-4b10-b4d4-dd5daf10cd34,OSHA 30,Dixon-Walls,49458,2021-09-21T11:08:49,2028-10-10T11:35:33,https://www.sweeney.com/,False,2026-04-15T17:29:01.810948,2026-04-15T17:29:01.810949,795922a3-8daa-4d62-af16-d57aee0c7c80,ad00ee87-c691-4497-9b2c-961a5e368528
62838ecd-ea6b-485c-a99e-fc2e082fa1fd,74d58192-3fac-4d36-95bc-41b002f6ea58,OSHA 30,Singh LLC,98593,2024-04-20T02:58:47,2027-06-27T00:47:44,http://underwood.com/,False,2026-04-15T17:29:01.811101,2026-04-15T17:29:01.811101,bc2dc1b4-0802-4b0b-b919-6d33122ab8ac,bfe24de8-dc37-456d-ae34-1164958fbe54
fc1c7156-e118-4aeb-9599-894f6d212c32,74d58192-3fac-4d36-95bc-41b002f6ea58,Confined Space,Torres LLC,35282,2024-09-23T22:57:55,2026-12-28T22:17:40,https://www.kent.com/,True,2026-04-15T17:29:01.811345,2026-04-15T17:29:01.811345,44d98296-744a-42d6-8f2a-05297193d75b,1f7d9c53-2649-46de-b474-68369ed4a9c3
60640f10-50b4-4146-9ec9-f64f9406aa5e,74d58192-3fac-4d36-95bc-41b002f6ea58,OSHA 30,"Christensen, Martin and Edwards",57947,2022-12-25T21:06:57,2028-07-27T23:04:33,http://www.francis-torres.com/,False,2026-04-15T17:29:01.811632,2026-04-15T17:29:01.811632,8dc18192-63aa-4726-80aa-63b98eed709e,98ec5f37-8075-460e-80f2-ae26fdbc21a5
02e1a448-13b9-4f64-a2a3-56db7489c900,3966ebeb-4b2a-426b-80b0-a57f926802b7,Confined Space,Kelley-Griffin,71575,2021-08-10T20:42:25,2027-09-19T08:34:02,http://www.edwards.com/,False,2026-04-15T17:29:01.811917,2026-04-15T17:29:01.811918,b1c0c625-40f1-43fd-a906-46c8f004d73a,381ede88-3cc8-4f44-8a9d-4b86223ed433
c211b87e-352d-4ea7-a6e9-b24b21f011b4,72a49e05-04a0-42fd-8749-136822a9b9a1,First Aid,George-Gates,50933,2021-05-14T21:14:50,2028-05-27T11:41:54,http://www.patel.com/,True,2026-04-15T17:29:01.812108,2026-04-15T17:29:01.812108,48a84043-995b-411b-b1da-f64f38eedbd4,f5e5990f-3ae4-489a-a4e7-427de5b2e3cb
fcf29539-5237-46df-beb0-d6d4e64067fd,72a49e05-04a0-42fd-8749-136822a9b9a1,OSHA 30,"Booth, Willis and Combs",80310,2024-09-07T15:28:10,2028-03-25T23:33:41,http://benson.com/,True,2026-04-15T17:29:01.812442,2026-04-15T17:29:01.812442,6568a256-de26-4003-84df-415d757c15d9,0ee54b97-f0a1-4449-b844-77a90f78ab46
39ed1903-57e2-4bfc-b753-268a5e4e0995,1cfc4fcb-53be-4370-93cc-6eee048977c2,OSHA 10,"Moore, Pineda and Hudson",36596,2022-12-14T22:12:05,2027-02-22T09:01:28,http://www.daniel.com/,False,2026-04-15T17:29:01.812784,2026-04-15T17:29:01.812785,bc2dc1b4-0802-4b0b-b919-6d33122ab8ac,14b33f09-6f11-40da-b425-8d7392e393df
50c0a88a-198c-475f-ab0e-36544222202e,1cfc4fcb-53be-4370-93cc-6eee048977c2,OSHA 30,Brown-Hunter,40876,2021-11-11T06:54:43,2027-11-02T21:41:54,https://www.avila-morrison.com/,True,2026-04-15T17:29:01.813095,2026-04-15T17:29:01.813096,ef3f3362-ffb8-4dd1-9ae9-ff74645e1780,370ee112-20c7-4af5-8680-914764739605
8bc64f1e-6b95-4ea3-9b45-c5130afc36ba,d67f4280-df97-461d-bf96-b02426878d16,First Aid,West-Jacobson,60616,2025-04-11T21:49:29,2027-07-25T12:36:03,https://www.richardson.com/,False,2026-04-15T17:29:01.813406,2026-04-15T17:29:01.813406,243f18fe-95f4-4926-86aa-495f7a542715,75b021bd-4282-4cdd-864c-f19bc1ab746a
4daccb5c-20c7-4049-9215-77f4a140a9ea,d67f4280-df97-461d-bf96-b02426878d16,OSHA 10,"Patterson, Morgan and Montgomery",71628,2023-07-27T21:52:45,2027-06-05T00:45:53,http://www.jenkins.biz/,True,2026-04-15T17:29:01.813652,2026-04-15T17:29:01.813652,d147bb83-d177-4b3f-908a-57b7f685f8ea,8fe5efae-4b8e-4807-a660-697f0dab03eb
1e361ad9-70c6-4850-813e-d3b174505436,ed31bfb1-7ffb-45b3-ade2-aa7a99c91223,OSHA 10,Patton Ltd,24249,2022-10-31T02:44:39,2027-12-16T15:49:08,https://cooke.com/,False,2026-04-15T17:29:01.813798,2026-04-15T17:29:01.813799,07868f73-811a-4dd9-88dd-323e49824e12,2c59c829-ecc2-463d-98bf-cab09de93842
355e2243-54df-4420-989d-fb602d2a9cf2,ed31bfb1-7ffb-45b3-ade2-aa7a99c91223,Confined Space,Hood PLC,23415,2021-05-14T15:35:29,2028-12-05T04:15:17,http://www.lewis.com/,False,2026-04-15T17:29:01.814034,2026-04-15T17:29:01.814034,8033ff4b-5d60-4693-adf5-34d76e4e85b5,9b8d11ac-e8f9-4ebd-8c96-5dbb4e251908
ecab2fe9-d903-4504-b381-8d3e031bb8df,04b234f5-1cea-40aa-96b3-9824d29df58e,First Aid,Kim Group,30935,2021-11-29T06:28:21,2027-11-27T20:30:32,http://www.henderson-gonzales.org/,False,2026-04-15T17:29:01.814264,2026-04-15T17:29:01.814265,6d2d1ea0-26f7-4d86-9b48-c5d9c77d92c8,c2437d8f-d8f6-4c5f-9541-ca888fd01978
c059d44d-04b0-472b-9260-46a23e3e62f2,04b234f5-1cea-40aa-96b3-9824d29df58e,OSHA 10,Cortez-Wilson,19480,2021-11-21T09:14:18,2029-01-12T18:16:29,https://www.anderson-morton.net/,False,2026-04-15T17:29:01.814519,2026-04-15T17:29:01.814519,c04118c1-d785-4d2b-bec4-70538510f35f,4f477aa3-fcb0-4197-b43a-a38a6c6bf1a6
34fd2e48-3f65-4144-8e57-b79f203b76d3,71b4e838-e95f-4912-835b-06e550e117f9,OSHA 10,"Hutchinson, Schmidt and Cabrera",71050,2021-07-05T04:23:15,2028-03-04T10:11:39,https://www.anderson.net/,True,2026-04-15T17:29:01.814769,2026-04-15T17:29:01.814770,3e12269a-347b-44d1-bcd4-f5c013bde071,b3f0b29e-25f9-4dee-8199-ff41995819e3
9728a855-37a6-4c5c-8264-e7e737450353,657fe32d-9bc5-4158-8df8-f6d1351d7745,OSHA 30,Peters-Watson,34555,2022-07-22T11:27:24,2027-07-07T00:12:34,http://www.wilson-miller.com/,True,2026-04-15T17:29:01.815010,2026-04-15T17:29:01.815010,8941c755-1100-4515-91d0-a35e15a70436,68dff6fa-8ff5-4c13-950e-87caa56f45b8
66acdc3a-6092-4fad-8929-2b8c13e6f4a1,657fe32d-9bc5-4158-8df8-f6d1351d7745,Confined Space,"Owens, Sandoval and Bond",42756,2022-05-29T22:10:17,2027-08-15T18:21:28,https://thornton.com/,True,2026-04-15T17:29:01.815345,2026-04-15T17:29:01.815346,996070f6-2a45-4012-95e1-cfb4a99e02bd,f02b00ba-2977-40dd-9214-8a76821a2f87
966e05e1-627a-4ce0-8573-fece6f269adb,657fe32d-9bc5-4158-8df8-f6d1351d7745,OSHA 30,"Snow, Henderson and Fields",60761,2024-08-17T23:43:44,2026-12-15T04:14:25,http://brown.com/,True,2026-04-15T17:29:01.815694,2026-04-15T17:29:01.815694,afcb8363-afed-4988-a068-66026edb2ef6,12919c87-109c-437a-bba5-2b449fecbbc5
1fc76d61-b2b5-4b71-93f3-38c903882c41,c17e7a2b-ddd5-417a-9864-e2f6d9e2b7ed,OSHA 10,Hampton-Fitzgerald,23686,2021-09-29T06:31:47,2027-02-09T14:22:51,http://gibson.biz/,True,2026-04-15T17:29:01.815979,2026-04-15T17:29:01.815980,54b5b7d5-f31b-49ed-9909-07c5bb7a6470,9b8d11ac-e8f9-4ebd-8c96-5dbb4e251908
d6d2fa38-dfd2-4e6a-8fc2-f8030a7a4cb5,c17e7a2b-ddd5-417a-9864-e2f6d9e2b7ed,Confined Space,Solomon-Salazar,40016,2023-07-09T22:59:51,2027-05-27T01:53:50,https://anderson.com/,False,2026-04-15T17:29:01.816260,2026-04-15T17:29:01.816260,e17106b8-2db6-47ea-8a19-e03123eb1a39,d757e524-635f-4f2f-827b-e43963749bd8
d30ec2c2-d461-4483-86ca-481a05a4d4ef,c17e7a2b-ddd5-417a-9864-e2f6d9e2b7ed,Confined Space,Small Ltd,69973,2023-05-04T05:09:57,2028-10-30T10:44:00,https://www.yang-bailey.com/,True,2026-04-15T17:29:01.816451,2026-04-15T17:29:01.816451,bfe24de8-dc37-456d-ae34-1164958fbe54,ab1866dc-2520-4b8e-8001-dd5d57effb1c
f4235464-6cc1-4b44-b3e6-cd423579f7ac,da941d59-f08f-4665-8971-8be269662c40,Confined Space,Nelson-Hammond,87854,2024-02-25T05:45:28,2028-03-10T19:06:07,https://www.reeves.net/,False,2026-04-15T17:29:01.816975,2026-04-15T17:29:01.816975,2e06ddbd-9d3b-45ba-a970-cb38c8438390,4ffae281-213a-4b16-a93f-d42e237e31be
54d68a91-30d3-47fc-a8f1-7088f8854fc2,da941d59-f08f-4665-8971-8be269662c40,Confined Space,"Hubbard, Ward and Mcmillan",32697,2022-09-29T20:29:27,2026-10-23T18:59:10,http://thompson-carter.com/,False,2026-04-15T17:29:01.817412,2026-04-15T17:29:01.817413,a40cbbae-c985-4e10-9182-b2a64083e23d,6208f9c5-1a93-4105-95d3-5a50efd1584c
b12e68ee-6f25-4a57-b8a7-15ae842220d3,da941d59-f08f-4665-8971-8be269662c40,OSHA 10,Shaw Group,45499,2023-12-29T07:11:13,2027-12-14T03:02:39,https://www.lynch.biz/,True,2026-04-15T17:29:01.817632,2026-04-15T17:29:01.817632,34263232-eb7e-4f4b-a525-a575a78cf9fb,acd3a730-5f4a-4c8f-8304-a7c843954555
274d071d-3b10-4ca9-925e-2061e7cff266,e6abfd4a-a1e5-48a8-804b-ed29d9ed15e4,OSHA 30,"Taylor, Martin and Porter",63345,2021-12-02T01:16:10,2028-06-25T17:52:48,http://short-fowler.com/,False,2026-04-15T17:29:01.818057,2026-04-15T17:29:01.818057,3ad30f55-56c2-4e3e-bede-670b1360f69c,b9b23dac-fc8e-4685-996f-f924ceb4e649
9694fd1d-47b6-4a2c-bddc-736cfb564308,e6abfd4a-a1e5-48a8-804b-ed29d9ed15e4,OSHA 10,Mcdonald PLC,17121,2024-05-12T06:27:03,2028-02-15T08:27:05,http://www.thomas.org/,False,2026-04-15T17:29:01.818274,2026-04-15T17:29:01.818275,9632fe30-b2ac-4a1d-83fb-611408508c49,3e12269a-347b-44d1-bcd4-f5c013bde071
84a19760-b5fd-4581-943c-e6e255d9f6e6,e6abfd4a-a1e5-48a8-804b-ed29d9ed15e4,OSHA 30,Taylor-Perkins,24547,2021-08-31T17:09:41,2026-05-31T11:53:58,http://www.nelson.com/,True,2026-04-15T17:29:01.818610,2026-04-15T17:29:01.818610,ad274048-8543-47b5-b339-f4db34f80933,bc2dc1b4-0802-4b0b-b919-6d33122ab8ac
48294632-a4c6-4cf7-9947-9ea19e98f834,a8efa45a-9571-4310-a8c7-55f472166bce,OSHA 30,Walters Inc,21166,2021-05-17T00:48:16,2028-03-31T13:19:56,http://zimmerman-stanton.biz/,False,2026-04-15T17:29:01.818924,2026-04-15T17:29:01.818925,f40b6492-8245-446f-8e99-12e91c95a334,5b27b1ff-9462-493d-8e27-d387fecc444c
918a04ac-a56b-4573-b1d4-fee3b30c917d,a8efa45a-9571-4310-a8c7-55f472166bce,Confined Space,Ortega PLC,95303,2022-11-14T18:34:42,2028-04-10T12:50:57,http://armstrong.net/,True,2026-04-15T17:29:01.819131,2026-04-15T17:29:01.819131,202cbc19-1fbf-48b4-ad56-81eab526dbd2,c0364dc8-da43-4e8a-ac1c-eb4f0af7d7f4
69791ef8-729c-4bcb-9a06-0782b8d4d730,a8efa45a-9571-4310-a8c7-55f472166bce,Confined Space,Jackson Group,30146,2021-05-17T17:56:51,2028-10-18T21:10:35,http://www.sanders.com/,False,2026-04-15T17:29:01.819328,2026-04-15T17:29:01.819329,bcab841e-06c4-4370-b60a-32115c95bf3b,7c9e5d6a-3732-48e0-b950-15dd737ca8f8
bb0a95b2-c075-49cc-ba8b-17a8827df469,82925f3b-c9a8-40b0-9ad6-116426ce8cbb,Confined Space,"Ward, Sparks and Vargas",72240,2021-05-12T05:37:23,2026-06-04T21:15:54,http://www.roberts.com/,True,2026-04-15T17:29:01.819660,2026-04-15T17:29:01.819661,5b02d2b1-f49f-48e2-b7f0-a304f82185b0,3ad30f55-56c2-4e3e-bede-670b1360f69c
168de9fb-2e37-4231-9162-eceeed694569,580e5a03-3a11-4156-9725-959653c2235e,OSHA 30,Rodgers Ltd,82633,2022-03-01T21:32:08,2027-09-01T16:33:01,http://www.francis.com/,False,2026-04-15T17:29:01.819862,2026-04-15T17:29:01.819862,62732267-39d2-4e10-8b38-6e5fb99d2a50,915ad0cf-98b8-416a-ba56-614b6152d7f9
c757bf03-f40e-445f-8750-48d0ad9cbd99,580e5a03-3a11-4156-9725-959653c2235e,Confined Space,"Guerra, Gonzalez and Mccarthy",78103,2023-01-31T03:01:28,2028-02-19T11:47:47,https://www.powers.com/,False,2026-04-15T17:29:01.820225,2026-04-15T17:29:01.820226,b19982bd-572a-4be6-97c7-ea6d3f57bfe5,243f18fe-95f4-4926-86aa-495f7a542715
c084903c-da92-4e0b-a162-6da008f991b5,b18a312f-bf2c-4e17-954d-d86a03fa9d30,First Aid,Estrada-Jensen,11224,2024-05-16T06:36:26,2027-09-02T10:26:51,http://walters-fisher.biz/,False,2026-04-15T17:29:01.820605,2026-04-15T17:29:01.820605,ef3f3362-ffb8-4dd1-9ae9-ff74645e1780,a8f3e3ce-aa0a-42f9-8231-a7609a6fc964
03d4405f-1363-4333-872d-ae4bd1881ab6,b18a312f-bf2c-4e17-954d-d86a03fa9d30,First Aid,Alvarado Ltd,95239,2024-03-12T14:13:32,2027-10-27T10:40:18,https://www.waller-monroe.com/,True,2026-04-15T17:29:01.820901,2026-04-15T17:29:01.820902,464ebcd6-2f4c-43a6-b95d-dfff6dfe7ada,a3ac24a9-14de-4ac8-be09-a52d1b8dea39
4fa2a6e3-756f-400b-ad37-06da853a09f9,b18a312f-bf2c-4e17-954d-d86a03fa9d30,Confined Space,Parker LLC,23876,2021-05-24T14:07:19,2027-06-19T06:14:22,https://clark-morgan.info/,True,2026-04-15T17:29:01.821195,2026-04-15T17:29:01.821196,31a270e9-e056-40ff-bd63-9b53051377d6,e1fc8b63-7afb-4d81-a9fb-1a3c2c1f124e
4ff06d34-06a3-4e55-931a-a8a1698b6e9d,e9cff4ff-b425-410e-a379-fddb7327782e,Confined Space,"Shelton, Rodriguez and Fox",42629,2023-09-30T05:19:35,2026-10-01T12:49:46,https://holmes.info/,False,2026-04-15T17:29:01.821545,2026-04-15T17:29:01.821545,44d98296-744a-42d6-8f2a-05297193d75b,023edf42-dda2-4f26-b63e-cff02efaeda3
d287a49e-60b3-4eb4-bb30-8e51f1ff2f77,e9cff4ff-b425-410e-a379-fddb7327782e,First Aid,Torres Ltd,44892,2022-07-09T13:10:37,2027-03-13T10:54:32,https://garrett-daniel.com/,False,2026-04-15T17:29:01.821828,2026-04-15T17:29:01.821829,443f2f3d-5bc0-4a2e-8926-48cd6f49afd6,1d43b768-5ac8-46b8-ae69-a0cbb463fcef
94592356-04c6-41f7-8466-bcafb499e1df,e9cff4ff-b425-410e-a379-fddb7327782e,First Aid,Wolfe Ltd,78991,2024-04-06T00:49:51,2028-11-08T12:06:20,https://www.soto.com/,True,2026-04-15T17:29:01.822175,2026-04-15T17:29:01.822175,69ec720d-7daa-4c73-9ddd-c3bd93aad59e,bc285691-8449-4e1d-bd21-dff76ba31581
7724f399-1fc2-4728-9eb4-d5d215b13809,2a460649-dff0-427f-b58e-b51db2e11926,OSHA 10,Andersen Group,29043,2021-08-19T09:19:48,2027-02-14T10:51:08,https://bowen-meyers.com/,False,2026-04-15T17:29:01.822474,2026-04-15T17:29:01.822475,2a7855e0-92e3-4c6f-a230-2f43f6fa8369,272c424b-d7d0-4c5c-94e1-00778c484f98
4efe0190-7808-46ad-8396-49fbcc055a86,2a460649-dff0-427f-b58e-b51db2e11926,OSHA 30,Baker LLC,38166,2022-11-05T04:09:31,2028-11-24T16:15:32,http://walsh-berry.com/,True,2026-04-15T17:29:01.822770,2026-04-15T17:29:01.822771,53fcabfc-ba96-4549-a65e-51d9434fc45f,2756790c-f9a8-46bc-b576-b67f207219ec
d50c20f4-2d36-4eca-9458-536829277ce9,2a460649-dff0-427f-b58e-b51db2e11926,OSHA 30,Baker PLC,65018,2024-11-10T02:09:40,2026-05-18T03:38:55,http://reed.com/,False,2026-04-15T17:29:01.823133,2026-04-15T17:29:01.823134,7f3026d4-ab71-4199-962a-972548176a97,0a728f7d-033c-4011-aecc-050fbedd1c50
47eece78-2853-427a-928d-320d6d749521,f671f701-6f2d-459e-a91d-78c6ea6a116a,First Aid,Gonzalez Ltd,18871,2021-12-11T17:07:10,2026-09-14T16:07:20,https://www.davis-mendez.biz/,True,2026-04-15T17:29:01.823429,2026-04-15T17:29:01.823430,a3f9c223-d3a9-4bb0-b01b-2b91ca2184d8,af553369-294b-46a5-86c3-9130065dee82
8d38fc0c-2f9d-4e8d-93e9-d640c7cbeb34,f671f701-6f2d-459e-a91d-78c6ea6a116a,OSHA 30,"Carter, Oneal and Whitaker",61227,2023-08-02T13:25:59,2028-02-11T07:58:30,https://www.hansen-holmes.com/,True,2026-04-15T17:29:01.823866,2026-04-15T17:29:01.823867,a001f0d8-8aac-431e-ac81-8c4211821d9e,1b72ce0f-489c-4eaa-bdec-5b1653f882a0
1320e9c0-8a00-4e5d-9d1b-84b3bbda8cb1,b8efde8f-2f84-49a3-b49c-04d2921d59e4,OSHA 30,Taylor and Sons,72810,2022-03-06T19:10:19,2026-07-29T08:08:29,http://perez-bush.biz/,False,2026-04-15T17:29:01.824164,2026-04-15T17:29:01.824165,b7d18447-b5e5-40b1-93f7-1c000626b4e8,494d4598-906e-4a40-8031-0c0a43dee21c
3438879c-2810-4dda-817e-861720ce5a20,c5337f40-b419-42ca-b0a3-72e682988130,First Aid,Benitez PLC,35049,2021-11-06T07:28:26,2028-05-13T09:55:19,http://www.hamilton.com/,True,2026-04-15T17:29:01.824570,2026-04-15T17:29:01.824571,973fb267-211d-4469-a975-f0669e5105eb,726bcba5-2634-47ed-b708-4436587ad056
65541508-6b2e-4ae6-8021-ea07f4cba75e,c5337f40-b419-42ca-b0a3-72e682988130,Confined Space,West-Lowe,92112,2024-01-16T02:14:17,2027-01-16T03:43:23,https://www.myers.com/,False,2026-04-15T17:29:01.824893,2026-04-15T17:29:01.824893,d147bb83-d177-4b3f-908a-57b7f685f8ea,0a728f7d-033c-4011-aecc-050fbedd1c50
22729295-b282-4221-88fd-28fdf6a047e5,3e48e979-6606-4885-9fa8-102088c48a86,OSHA 30,Davis and Sons,65254,2024-08-27T18:12:12,2028-12-02T10:59:49,https://ramirez-nicholson.org/,False,2026-04-15T17:29:01.825241,2026-04-15T17:29:01.825242,03b77240-5a87-4cc0-b02b-460f480593ac,60c107af-9b4a-41a5-a933-33d80b3ee487
4707f351-cc6f-4028-93aa-e913c736d185,907395f0-40cd-432d-93b3-5ab6ab965db1,Confined Space,"Norton, Myers and Flowers",69005,2024-01-16T16:35:54,2027-11-19T10:01:04,https://taylor.com/,False,2026-04-15T17:29:01.825774,2026-04-15T17:29:01.825774,3a489b80-f6e6-4805-b1d9-3c3df997f12d,36f39b68-8153-4cc4-97cd-bd5c7eb285a6
e283e630-4bb0-4670-8e17-f44cbf43031e,e2ef6662-d7a6-4240-8c64-8661c10cbbaa,First Aid,Escobar Ltd,27427,2023-12-05T03:35:17,2028-01-08T03:19:15,http://snow-shelton.com/,True,2026-04-15T17:29:01.826073,2026-04-15T17:29:01.826074,2540abd7-5fb1-4ae1-849d-1e8a1059e50e,8dc18192-63aa-4726-80aa-63b98eed709e
8e43e919-8555-4314-b937-0d8862ee9ea0,b69dab56-af69-42b2-958b-663d61ed3b62,Confined Space,"Carroll, Christensen and Lewis",98487,2022-02-28T05:51:44,2027-10-16T01:09:46,https://harvey-ortiz.org/,False,2026-04-15T17:29:01.826465,2026-04-15T17:29:01.826466,726bcba5-2634-47ed-b708-4436587ad056,03a34f32-dfe8-4c63-8c2e-f87058d87237
b6c53962-4d7b-4b55-936b-07b3e2b97792,b69dab56-af69-42b2-958b-663d61ed3b62,OSHA 10,Mack-Stevens,69993,2021-04-28T14:35:22,2027-07-29T16:49:15,https://smith-sanchez.biz/,True,2026-04-15T17:29:01.826728,2026-04-15T17:29:01.826728,aa19e157-e705-44bd-aabd-d3d7c4584913,85ef47ea-9d5d-4541-ac95-217a6a021097
f3f17533-6cd6-436e-b63c-594cbfa5a38f,74017d69-b318-49b0-8c12-84a152d40926,Confined Space,Davis Group,62541,2025-04-04T03:30:11,2028-08-21T22:38:22,http://www.ruiz-ross.biz/,False,2026-04-15T17:29:01.826971,2026-04-15T17:29:01.826971,9af06800-614b-431e-9ce7-a0ca1fd8f052,b29603e8-6eae-45c9-9150-1a6ee92425f4
6bc1909c-6ad7-4f50-b732-3adf0965aa37,74017d69-b318-49b0-8c12-84a152d40926,First Aid,Shaw-Wyatt,78384,2024-05-10T20:28:24,2027-02-01T04:56:25,https://www.bernard.com/,False,2026-04-15T17:29:01.827183,2026-04-15T17:29:01.827184,8f898c3f-da66-4e92-9f63-901738d5f24f,1e8d06f7-2cfc-4e7b-8884-640d8613f8d3
4402669c-a908-46c5-a0a5-f0764dae5055,74017d69-b318-49b0-8c12-84a152d40926,First Aid,"Taylor, Johnson and Payne",60317,2022-03-06T22:00:32,2029-01-01T07:06:47,http://hughes.info/,False,2026-04-15T17:29:01.827439,2026-04-15T17:29:01.827439,2540abd7-5fb1-4ae1-849d-1e8a1059e50e,b37b53ea-5841-48b1-a2fa-4fc3f8a606b2
53c9eb2a-bbbe-4736-975b-da6af9e6c97a,fba1550c-162e-4fa8-8f38-f9ad7c5bbf76,OSHA 10,Bradshaw-Jenkins,62538,2024-03-20T13:36:52,2027-03-21T02:54:17,https://stewart-thomas.com/,False,2026-04-15T17:29:01.827692,2026-04-15T17:29:01.827693,040c7b6e-622a-4c72-bdf3-34faf8f212be,dfe6b581-536e-4fb5-9472-02b61d40d211
b8e0850b-39ce-4952-b139-1d09a8b9f8d0,04ed8694-f13c-4e81-bdaf-ad98a5a2fab5,OSHA 10,"Phillips, Johnson and Kelly",30116,2021-12-20T18:01:36,2026-05-31T10:31:22,https://www.garner-palmer.net/,False,2026-04-15T17:29:01.827997,2026-04-15T17:29:01.827998,1ee64d97-fb2b-4e20-869f-97b5df8825e8,08c2c952-520a-4cdb-8b5c-7e6d7e8ffa45
02de9bd9-cbcc-443b-9bd0-73563ae45dcb,04ed8694-f13c-4e81-bdaf-ad98a5a2fab5,First Aid,Weber Ltd,53718,2022-05-08T16:43:21,2027-11-15T17:35:21,https://daniels.com/,True,2026-04-15T17:29:01.828148,2026-04-15T17:29:01.828148,b19982bd-572a-4be6-97c7-ea6d3f57bfe5,d26dffb1-acd7-4ae4-9484-ad2da4651009
046749c5-9c1a-478a-ac23-50cf1b794a62,04ed8694-f13c-4e81-bdaf-ad98a5a2fab5,First Aid,Cooley Group,63825,2024-02-28T20:58:17,2026-05-04T06:06:02,http://www.smith-white.com/,True,2026-04-15T17:29:01.828355,2026-04-15T17:29:01.828355,01843eb5-5e0e-43be-898b-f5f201519ea4,61f02023-59f7-4b6d-a207-c2a41c6335bc
b060e71f-b96f-4e31-b880-1e5c4723e44c,e3a9855c-c251-4532-b8e7-138acd55fe88,OSHA 10,Clayton PLC,62724,2021-09-18T22:33:42,2028-08-24T15:37:40,http://burns.com/,True,2026-04-15T17:29:01.828635,2026-04-15T17:29:01.828635,3ad30f55-56c2-4e3e-bede-670b1360f69c,fa57b61a-18b9-4a5f-9b32-cf1bf36a9578
aeae76f3-be41-4dfe-abb3-35d22d27fbf4,e3a9855c-c251-4532-b8e7-138acd55fe88,Confined Space,Hobbs-Kennedy,92135,2023-11-29T20:52:15,2026-08-17T04:46:11,http://www.hoffman.biz/,False,2026-04-15T17:29:01.828850,2026-04-15T17:29:01.828851,f02b00ba-2977-40dd-9214-8a76821a2f87,749666b6-a9ba-4c72-8175-f6d1f023e6f7
63096bcc-be87-42a0-9d9d-cd5f0316e151,14a9d2d2-6c52-4387-a927-d5631bc88123,OSHA 30,"Mann, Rodriguez and Brown",94093,2023-10-23T12:42:40,2026-10-03T19:22:23,https://smith.com/,False,2026-04-15T17:29:01.829117,2026-04-15T17:29:01.829117,b699175c-6947-4cfc-a151-e471487b93a3,3ceb1b01-b5c9-4b1f-b3a2-ed9f8e02e68a
bcb607a7-0a43-4cae-81e5-8811b74be365,14a9d2d2-6c52-4387-a927-d5631bc88123,OSHA 30,"Velasquez, Davis and Jackson",66356,2021-12-19T21:49:30,2029-02-10T14:10:58,http://www.robinson.com/,True,2026-04-15T17:29:01.829401,2026-04-15T17:29:01.829401,3c780acb-34ff-432a-81b7-13bc865d2f58,aaa31a71-03c0-42cc-8e80-4d4914988e14
afdf5402-a8b9-46e4-9323-afac9e64e923,40c10c60-c575-4b0f-bd10-142425a21b8d,OSHA 10,"Perez, Marquez and Coleman",53952,2021-05-23T11:28:41,2029-02-16T09:46:56,http://www.jones-lewis.com/,False,2026-04-15T17:29:01.829725,2026-04-15T17:29:01.829726,9779aaee-9178-458e-96c1-1caf0bf250c1,ca191d17-2638-430c-87e5-0858c071b38d
a2f4338c-8982-4628-8523-0d800854f053,7aecb5a5-bbd7-404d-9cb1-98555b763b9c,OSHA 30,Roy-Cruz,64967,2024-12-02T16:15:27,2029-03-20T04:09:22,https://richardson-dawson.com/,True,2026-04-15T17:29:01.829994,2026-04-15T17:29:01.829994,fc2a84d0-f769-4c0a-81a5-2b910cb03d51,ad3b97d2-4618-477a-a386-129544c99c7f
86905f0c-9b5e-4a3a-9099-9133ee0ca0ea,6e1f4c49-63d4-4307-8515-2faf6a93cfb2,First Aid,Collins-Velez,60997,2024-06-21T21:08:40,2026-10-14T21:55:03,http://www.cook-miranda.com/,True,2026-04-15T17:29:01.830261,2026-04-15T17:29:01.830262,1e8d06f7-2cfc-4e7b-8884-640d8613f8d3,ba6a2772-4131-4c1e-888e-171267e499a9
58c0f909-9014-46fe-8837-942609d63d94,76436214-2f6d-426d-be20-73a29b70573c,Confined Space,Wilcox-Kelly,77721,2021-09-16T07:30:19,2026-12-23T06:39:40,http://www.mendez.com/,True,2026-04-15T17:29:01.830486,2026-04-15T17:29:01.830486,12b4e7ff-bf6d-467e-8ad6-bc9679e66453,f4f08148-7abb-46c0-bfd3-83b2052aac2c
5015a41f-2fca-4b13-852f-27d21e934556,76436214-2f6d-426d-be20-73a29b70573c,First Aid,"Gaines, Roberts and Smith",87990,2024-12-30T00:48:40,2028-09-18T11:57:53,http://www.johnson.com/,False,2026-04-15T17:29:01.830870,2026-04-15T17:29:01.830871,d2bc6190-e425-4fc8-b601-b5221bf6e6cb,c04118c1-d785-4d2b-bec4-70538510f35f
21fb06a0-5b26-4b2b-b6f5-d5e14a6ff24e,6a64fd01-6e46-4178-9b2c-9aec41d90c63,OSHA 10,Stein-Castaneda,28905,2022-09-14T05:01:02,2028-03-18T23:18:08,http://freeman.com/,True,2026-04-15T17:29:01.831093,2026-04-15T17:29:01.831093,a40cbbae-c985-4e10-9182-b2a64083e23d,69ec720d-7daa-4c73-9ddd-c3bd93aad59e
8c0d62c9-f95c-464f-9cf5-2e90cb617e7f,6a64fd01-6e46-4178-9b2c-9aec41d90c63,Confined Space,Wilson and Sons,93661,2025-02-11T02:50:05,2027-03-13T10:08:06,http://www.leonard.org/,True,2026-04-15T17:29:01.831360,2026-04-15T17:29:01.831360,ed45e536-25a6-4fa2-bbac-9d46485477a0,0032833e-a079-459a-ab73-a0f93a485440
4a5844ef-b92a-4978-8da7-2a1bc54c8ff8,bec7045f-5de5-4a6d-97de-5c10a2368289,OSHA 10,"Morgan, Martinez and Randolph",12934,2022-06-10T16:51:41,2027-11-18T13:32:18,http://lawson.org/,False,2026-04-15T17:29:01.831621,2026-04-15T17:29:01.831621,5fa5541e-ec9d-496f-82b2-62d272c6feeb,20fae2af-0b72-492d-820b-0113808ce521
42ea0f0c-6ba7-4f3d-9cf8-1930c309cdb6,bec7045f-5de5-4a6d-97de-5c10a2368289,First Aid,Roberts-Mitchell,23890,2024-06-04T01:25:25,2027-03-01T04:43:40,https://www.griffin.com/,False,2026-04-15T17:29:01.831937,2026-04-15T17:29:01.831938,7ec49252-0e78-4e36-bf2e-b42b4efd1d11,a15d8820-d033-4a9d-a3f9-5df0054f3444
ef350269-f28f-4b8a-8e88-ff76a95200bb,72c9df18-2098-4f1e-aec9-d20fdf4e47ff,First Aid,Cooper Ltd,98260,2023-08-22T13:54:15,2026-07-29T11:37:45,http://www.hernandez.net/,True,2026-04-15T17:29:01.832221,2026-04-15T17:29:01.832222,887b5754-d411-459f-8821-d336114188dc,f0072b2f-7291-4213-b1b4-8a927ad4f1bb
0222c627-d618-4c63-b026-8ee01bb7ee81,72c9df18-2098-4f1e-aec9-d20fdf4e47ff,OSHA 10,James Group,92981,2024-02-10T11:56:50,2029-02-13T23:36:30,https://farrell.info/,False,2026-04-15T17:29:01.832502,2026-04-15T17:29:01.832502,08981f64-09b5-46b8-aa22-a14b4d7795c3,c5abb746-c9a7-4bc3-85ff-f2e24a4a350a
96c59fdc-0c55-4662-900b-6f5cb8cc6de6,72c9df18-2098-4f1e-aec9-d20fdf4e47ff,OSHA 10,Hamilton Group,51426,2022-07-27T01:39:54,2026-10-01T09:46:36,http://www.vaughn.net/,False,2026-04-15T17:29:01.832666,2026-04-15T17:29:01.832666,537392bf-38f3-4136-a18f-63ec78180935,9944273e-6ce0-4802-9806-35b9d9ca2d6e
ee9f66a9-5e65-42b1-86a2-6546f97a5696,cd38b3a9-c900-47e0-872e-28a34a3981e8,Confined Space,"Moreno, Andrews and Schwartz",43908,2025-03-31T19:09:18,2027-07-09T17:36:01,http://www.james.info/,False,2026-04-15T17:29:01.832932,2026-04-15T17:29:01.832932,8d8ac998-625f-4c2a-9a00-8f62e8459884,0a728f7d-033c-4011-aecc-050fbedd1c50
dc86287f-521b-4802-84d9-513290b22447,cd38b3a9-c900-47e0-872e-28a34a3981e8,OSHA 30,"Chavez, Graves and Nelson",85010,2023-09-07T21:45:42,2028-02-09T07:55:36,https://johnson-luna.com/,True,2026-04-15T17:29:01.833251,2026-04-15T17:29:01.833252,6d50f9d6-1d18-4eb6-a5a6-63b45a88af0c,5fa5541e-ec9d-496f-82b2-62d272c6feeb
2b21b55a-ba6a-4de5-ae54-f4495a2716ec,cd38b3a9-c900-47e0-872e-28a34a3981e8,OSHA 10,Elliott PLC,84724,2021-07-13T17:28:47,2029-03-04T05:27:01,http://www.rodriguez.com/,False,2026-04-15T17:29:01.833522,2026-04-15T17:29:01.833523,8604ecd7-f138-4195-82e3-534ab2de3535,996070f6-2a45-4012-95e1-cfb4a99e02bd
3c74797c-2b95-4fa2-9352-109c73a4bf8a,504de56a-64c9-49f9-b812-e57c3ad80645,First Aid,Atkinson LLC,18093,2023-10-25T18:52:50,2027-07-21T07:53:31,http://www.turner.com/,False,2026-04-15T17:29:01.833690,2026-04-15T17:29:01.833691,81466c7c-084b-4531-bd93-18dcee6d6e9e,1feba758-273d-4e9b-96f9-bcf3413a66f4
132d651b-6466-475b-9990-b49aa177438a,504de56a-64c9-49f9-b812-e57c3ad80645,Confined Space,Collins-Robertson,57951,2023-08-13T10:11:08,2028-04-14T15:56:10,https://www.cook.com/,False,2026-04-15T17:29:01.834009,2026-04-15T17:29:01.834009,b29603e8-6eae-45c9-9150-1a6ee92425f4,8c3e49c2-c06a-4f0f-ad21-5480245cfcd7
1b5e7710-2bc8-4e52-8950-a6053d001421,5d0301f8-7a74-4fa5-83d5-6bd8c865642c,OSHA 10,Melendez-Cummings,65869,2021-09-30T22:08:43,2026-05-16T08:47:13,http://www.perkins.com/,True,2026-04-15T17:29:01.834327,2026-04-15T17:29:01.834328,040c7b6e-622a-4c72-bdf3-34faf8f212be,7f3026d4-ab71-4199-962a-972548176a97
06f2dc13-5977-41db-a964-985ab808e967,5d0301f8-7a74-4fa5-83d5-6bd8c865642c,OSHA 30,Lucas and Sons,28087,2022-08-23T18:04:44,2028-08-06T08:04:53,https://cooper.com/,True,2026-04-15T17:29:01.834619,2026-04-15T17:29:01.834619,de40f3d6-8aee-4d24-8baf-dffe02a436c6,db41ad07-2423-4e94-818e-daf5edf03490
2e6833cc-e594-4a8b-a7c3-54a851aaedb0,94b5bc0f-7dbe-408d-91a9-457abdf9bd4d,First Aid,Butler Ltd,65310,2021-10-21T02:49:22,2028-02-23T15:26:36,https://williamson.com/,False,2026-04-15T17:29:01.834793,2026-04-15T17:29:01.834793,8d90796c-2cba-44a9-8034-b02f434bb160,73b9f698-b95c-4d56-bfab-b1ca28a85da5
61ce7296-e643-4e0f-a577-29bcd6271159,94b5bc0f-7dbe-408d-91a9-457abdf9bd4d,OSHA 30,"Boyd, Montes and Warner",65042,2024-10-13T22:47:18,2028-11-10T01:14:51,http://white-thompson.biz/,False,2026-04-15T17:29:01.835115,2026-04-15T17:29:01.835116,441cc668-8a09-48a2-9441-db62e8d152c6,53fcabfc-ba96-4549-a65e-51d9434fc45f
ae80b6b1-dd06-4303-a1ea-8453dd0a1d72,94b5bc0f-7dbe-408d-91a9-457abdf9bd4d,OSHA 30,Trujillo-Mendez,46441,2024-08-09T20:48:53,2027-07-08T16:54:09,http://www.brandt.com/,True,2026-04-15T17:29:01.835438,2026-04-15T17:29:01.835438,8c737347-e14a-45cc-92b4-825f798213d4,e383167c-2f4b-4107-b53b-3eea9fd1b5a9
46cc94db-166f-48e0-aa93-9f313f9fc15d,892f3dde-1671-47a7-9635-7369335ee047,OSHA 10,Keith Ltd,49586,2023-11-28T15:14:09,2026-08-25T12:45:47,https://www.harper.com/,True,2026-04-15T17:29:01.835599,2026-04-15T17:29:01.835599,49c4dfba-baab-46a7-a065-997642c95561,405425db-1a1e-4713-93d4-a083724702dc
c462dbfc-4818-45f0-90cc-26f82d16c864,892f3dde-1671-47a7-9635-7369335ee047,Confined Space,"Austin, Williams and Taylor",57260,2022-07-09T13:27:45,2028-12-31T03:07:34,https://www.miller.com/,False,2026-04-15T17:29:01.835969,2026-04-15T17:29:01.835970,bec7d3ee-9cac-4d2d-9f73-90e7bc007df5,f0072b2f-7291-4213-b1b4-8a927ad4f1bb
f9c677b1-4f2c-47b9-b14a-b30f6d594536,892f3dde-1671-47a7-9635-7369335ee047,Confined Space,Howard Group,90340,2024-09-02T19:07:36,2028-12-15T07:29:43,https://www.crawford.com/,True,2026-04-15T17:29:01.836128,2026-04-15T17:29:01.836129,c1187a55-13a0-4774-bf61-b9adb7b81a27,8fe5efae-4b8e-4807-a660-697f0dab03eb
54565a23-dd13-4f9c-8e90-a54a1c173161,130cb208-a2cf-473f-8b24-5024dbc8ec55,Confined Space,"Warren, Perez and Garza",80556,2024-09-29T00:47:51,2027-01-05T02:31:25,https://merritt-meyer.com/,False,2026-04-15T17:29:01.836477,2026-04-15T17:29:01.836478,023edf42-dda2-4f26-b63e-cff02efaeda3,8d90796c-2cba-44a9-8034-b02f434bb160
4104f643-7fbb-4155-af3f-5b681502a309,93fe0dbe-7e03-4d13-9aac-8869edcc1e90,OSHA 10,Conway-Rodriguez,32337,2023-01-23T09:53:29,2027-05-26T14:13:57,http://christensen.com/,True,2026-04-15T17:29:01.836799,2026-04-15T17:29:01.836799,6a86c789-3568-4c4d-b88b-4d9ef37b8c75,d265ab57-d679-433b-aa05-0d97849d0f11
181da7cf-2488-4c8b-b533-729fdae6e41b,93fe0dbe-7e03-4d13-9aac-8869edcc1e90,Confined Space,Wood and Sons,66185,2024-12-20T19:13:19,2028-07-28T12:13:48,https://www.roth-alvarado.org/,False,2026-04-15T17:29:01.837007,2026-04-15T17:29:01.837007,f5eee58a-766b-4b0a-ba8d-3f7cb64896d1,a0856938-c62a-4727-b3fb-0287a75a91e7
7c189ad8-7139-48a4-8d12-9b8426629fcd,87613e32-778a-4a6a-81ee-11ac3a5d377e,Confined Space,"Morris, Shepherd and Moreno",19310,2024-07-06T05:55:10,2026-07-12T06:26:34,https://www.rose.com/,False,2026-04-15T17:29:01.837267,2026-04-15T17:29:01.837268,837f720a-d7c0-423d-9176-037c810580f0,aef17cd5-9154-404d-a26e-545b44f24749
df7e3cae-ca9c-46f9-9fab-d9cf155e50c3,87613e32-778a-4a6a-81ee-11ac3a5d377e,OSHA 10,Jackson-Bates,39814,2024-09-24T23:47:57,2028-08-18T10:55:47,http://www.evans-cantu.com/,True,2026-04-15T17:29:01.837520,2026-04-15T17:29:01.837521,2caa81d9-ae9a-44d9-ab97-06ce6fdbc137,cbeeb92b-edd8-41f5-9f57-e5c679702911
8c2daf16-0fcd-46ad-85a0-e05fa18e1694,26be58b8-bee0-41c1-a78e-be3c66d202f8,OSHA 10,Woodward-Chandler,76519,2023-01-21T10:15:36,2027-05-08T04:42:42,https://www.glenn-mcneil.com/,False,2026-04-15T17:29:01.837785,2026-04-15T17:29:01.837785,23ddb524-9c49-481c-8bd4-4acd306cf8d2,73fa725e-6413-4fef-9046-d521e7daa8fa
35c1d2ef-12d9-45a4-aff3-c4d77a379a6c,26be58b8-bee0-41c1-a78e-be3c66d202f8,OSHA 30,"White, Reyes and White",51604,2024-12-29T20:23:28,2026-12-23T00:44:53,http://www.scott.com/,False,2026-04-15T17:29:01.838044,2026-04-15T17:29:01.838044,ea9d1093-2430-4ff9-b141-2cc5ef87d68a,f5eee58a-766b-4b0a-ba8d-3f7cb64896d1
4d78073d-e8ed-4e14-b859-d9cd9a32ae08,de33e175-7d00-4825-a45f-eba887bd359b,OSHA 30,Duffy LLC,71196,2022-07-06T17:02:35,2027-10-14T21:14:20,http://www.pearson.net/,True,2026-04-15T17:29:01.838311,2026-04-15T17:29:01.838312,bc285691-8449-4e1d-bd21-dff76ba31581,85ef47ea-9d5d-4541-ac95-217a6a021097
58860f01-cf35-4566-8629-b506865ac347,de33e175-7d00-4825-a45f-eba887bd359b,OSHA 10,Martin-Williams,88064,2024-09-01T12:59:36,2029-01-06T03:12:08,https://washington.biz/,True,2026-04-15T17:29:01.838651,2026-04-15T17:29:01.838651,c95d49df-1dbc-4d5d-b11d-879e4788420d,aaa31a71-03c0-42cc-8e80-4d4914988e14
c7da2409-0e6d-4e03-8c06-13ddccbc4381,de33e175-7d00-4825-a45f-eba887bd359b,OSHA 10,Reed LLC,29740,2025-01-11T22:37:48,2028-10-04T10:23:10,https://ramirez.com/,False,2026-04-15T17:29:01.838816,2026-04-15T17:29:01.838817,61f02023-59f7-4b6d-a207-c2a41c6335bc,aecdd0dc-8a3e-4ad9-be1c-eb0bf9f28600
80827808-6007-4069-b9f9-193570823f7e,a29bc71c-a81a-4f88-96f4-559b70066d8d,First Aid,"Nolan, Huang and Allison",38105,2024-05-20T22:46:58,2028-02-04T08:37:10,http://www.graham.com/,True,2026-04-15T17:29:01.839197,2026-04-15T17:29:01.839198,83d49c47-1129-47c8-a403-e1a961b7f97a,fc3fafa5-23de-4063-9925-4954270e4f21
5bbb45ed-c8d2-435a-905d-2142818ebece,a29bc71c-a81a-4f88-96f4-559b70066d8d,OSHA 10,Calhoun Ltd,31568,2022-08-04T16:54:43,2029-03-30T09:12:50,https://black.net/,False,2026-04-15T17:29:01.839362,2026-04-15T17:29:01.839362,dbb6e189-1412-4b71-bac9-a29d8172a565,c49a4f3e-dd51-45cb-9974-5c2df7e9d067
3d286d36-05f9-414a-bb06-d2326b58b7ff,576d5e43-a75a-4c1c-8f18-b971a7e431ff,OSHA 30,King-Green,96121,2023-08-21T21:30:38,2029-02-21T03:34:11,https://www.harris.com/,True,2026-04-15T17:29:01.839577,2026-04-15T17:29:01.839578,9cfd2f61-3eef-49c6-9b56-23869e4572be,4f477aa3-fcb0-4197-b43a-a38a6c6bf1a6
7dfaa524-7348-4f15-b53c-17fb7a7c9dd8,576d5e43-a75a-4c1c-8f18-b971a7e431ff,First Aid,"Nunez, Holmes and Allison",61383,2021-11-30T21:29:16,2028-01-16T02:44:37,https://www.martin.com/,False,2026-04-15T17:29:01.839955,2026-04-15T17:29:01.839955,0f629054-4053-45a7-9e36-a2bedf918998,381ede88-3cc8-4f44-8a9d-4b86223ed433
3368a32e-6b52-418d-a461-f514038280f9,576d5e43-a75a-4c1c-8f18-b971a7e431ff,OSHA 10,"Warner, Thomas and Perez",90401,2023-11-06T14:37:38,2028-01-10T16:02:26,http://valdez.org/,True,2026-04-15T17:29:01.840214,2026-04-15T17:29:01.840214,56cd9223-147c-4ac5-ab4d-f0264b0ab921,b1b432a1-8761-4cf4-bd17-6687758d1fb3
