id,contractor_id,license_type,license_number,license_state,license_expiration_date,license_document_url,license_verified,license_verified_by,license_verified_at,created_at,updated_at,created_by,updated_by
2d22e3e2-58ea-41fb-a296-2c5abe5a9b42,628fb31a-f454-4ea6-a5b3-6a990c0b279b,HVAC,LIC-85298,FM,2027-07-13,https://www.smith.com/,False,,,2026-04-18T00:18:17.093569,2026-04-18T00:18:17.093569,9a1e9cb2-8207-473f-bbf3-ace8a5bdd0cd,e958c7bc-20dc-4223-bfaa-66908025ad1f
7fa9ba7b-c6d8-449a-b130-5b024797c7b1,628fb31a-f454-4ea6-a5b3-6a990c0b279b,Electrical,LIC-95255,OH,2027-06-29,https://www.gonzales-henderson.com/,False,,,2026-04-18T00:18:17.093814,2026-04-18T00:18:17.093815,f65f9e54-b329-46cc-b99d-e4a789bb05a7,43c4a9d4-edf2-410e-848d-93d537e98270
ca9b15f2-5f72-4181-9ed3-14dd19af7ff7,aca89d58-08dc-491f-b3cb-70c5a3fc9e01,HVAC,LIC-11035,OK,2027-03-24,http://barnett-lloyd.org/,True,01085f56-5713-4a44-af99-0b93f4235903,2025-12-13,2026-04-18T00:18:17.094062,2026-04-18T00:18:17.094062,bcdc2393-2147-4df2-bbdb-1e8ebd0c057d,cf2d2a75-ba91-451d-a573-d6da5a56dffa
f041972f-9d41-467a-9000-51c278a4e6ad,aca89d58-08dc-491f-b3cb-70c5a3fc9e01,HVAC,LIC-09271,OH,2027-07-23,https://thompson-hayden.org/,False,,,2026-04-18T00:18:17.094282,2026-04-18T00:18:17.094283,c1004557-a960-4e8d-9832-65477b5eb5cb,7c213a74-3a0e-41a4-b562-3e62b0beef90
d4d670ac-69cd-4b98-8680-17b0f75cdf83,aca89d58-08dc-491f-b3cb-70c5a3fc9e01,HVAC,LIC-85284,WY,2027-03-22,http://www.lewis.net/,False,,,2026-04-18T00:18:17.094907,2026-04-18T00:18:17.094909,803ec4c7-5701-4e5f-8be4-907e7c60b5ec,dcb5c04b-1dcd-4c0a-a5c1-bb0e771e21fc
39181244-ab88-4b8b-a289-68212189bbb7,a30febef-7e8d-4aab-a743-9b40ba9bbd5e,Plumbing,LIC-69451,NY,2026-10-05,http://www.perry.com/,True,6052d9c2-d5a7-4c79-bd37-93099620a258,2025-05-20,2026-04-18T00:18:17.095273,2026-04-18T00:18:17.095274,5dc1a6f0-d15d-4082-9c79-3a81d3596fde,a78e672e-864b-43f6-ad11-bf7ed695b4fd
8b5bfee3-ecce-461b-a315-d21704eeb811,a30febef-7e8d-4aab-a743-9b40ba9bbd5e,General,LIC-67562,CT,2028-08-15,https://doyle-thomas.biz/,True,8707e039-924c-40fd-9bd9-f62a7a7cbb9d,2025-05-29,2026-04-18T00:18:17.095520,2026-04-18T00:18:17.095520,c2d523a6-cfd0-4eea-be69-2ee78a40bd46,089c3341-7187-4480-ab7a-65b913e2de83
fbf1f9f3-de4c-49a7-afe0-d84a53684c8f,b4f35885-b6ab-46bb-aa1c-0bd975e29684,HVAC,LIC-73848,DC,2028-04-22,http://www.anderson.biz/,True,58078389-eea5-48d6-bc57-dfb6d96904a0,2025-12-11,2026-04-18T00:18:17.095737,2026-04-18T00:18:17.095737,99684de2-04bb-4f58-a9f0-f390eb02e3a5,8e2100d1-f85e-47b2-8f70-0cbfc84c48e9
e813167e-cfbf-4f4c-ac43-188c3c8863fc,79801512-cfe3-4448-ac04-e65f19872fdd,Electrical,LIC-39367,DE,2027-09-20,https://www.love-ellis.com/,False,,,2026-04-18T00:18:17.095980,2026-04-18T00:18:17.095981,929aa4b7-a09b-440d-9e1c-036e0a51bd95,cc5235ac-dc5b-4984-b80b-31602238af74
4b411672-ae37-4bda-81ce-16cbb6016025,79801512-cfe3-4448-ac04-e65f19872fdd,Electrical,LIC-52782,AK,2027-02-24,http://www.kramer.net/,False,,,2026-04-18T00:18:17.096144,2026-04-18T00:18:17.096145,b1c9c121-f405-40b9-a787-d9ffb7247c44,4be0704e-41a0-43da-966e-95e0e9eb5730
a2371deb-fa62-43fe-b04e-e48bfaab6445,79801512-cfe3-4448-ac04-e65f19872fdd,Plumbing,LIC-29433,KS,2026-10-02,http://www.moore.com/,True,358ccac6-4a54-4a0d-9e71-dfd3f29f00b1,2025-12-20,2026-04-18T00:18:17.096316,2026-04-18T00:18:17.096316,85247537-4882-4871-b4f5-591c3448902f,b43e0b10-b0a2-40f6-a755-a4abe746b176
fd1f55d0-791d-43ba-9c06-156567baaa97,a39b3fec-9c94-434c-b1f7-1136ffe4eedd,General,LIC-66294,OK,2027-12-03,https://lee-mcguire.com/,False,,,2026-04-18T00:18:17.096571,2026-04-18T00:18:17.096572,2dbcc253-fe91-455d-80ad-0a00abca1a53,0fc44c04-ce1f-4a92-82e0-76c69f8547b8
c89b46f7-69b2-4584-97b8-5d9f54ab7a48,a39b3fec-9c94-434c-b1f7-1136ffe4eedd,General,LIC-79773,ID,2026-10-13,http://huffman.com/,True,ff8ab3a9-9f74-480f-b04d-f654868d233d,2025-06-21,2026-04-18T00:18:17.096764,2026-04-18T00:18:17.096764,38ec7789-21a7-481b-8431-c72e50dadd7c,d0a58346-d40a-4498-9620-d4738b2c7793
58b9c814-f0a6-406a-ba06-38ba5a7e7e5c,a39b3fec-9c94-434c-b1f7-1136ffe4eedd,HVAC,LIC-89156,MI,2028-08-07,http://www.johnson.com/,True,6052d9c2-d5a7-4c79-bd37-93099620a258,2025-06-06,2026-04-18T00:18:17.096937,2026-04-18T00:18:17.096937,d491b088-2b90-464c-8859-21831fbbd66d,5a17d7e2-daf8-41af-a898-354e42e7fbfd
548d8787-46ac-41bd-8029-ac77dc2551f7,1c2b1e12-0b2d-4835-bb52-d9e26da08da6,HVAC,LIC-05594,NH,2027-10-26,https://wall.com/,True,b57e46d5-58d8-4d18-8396-916954f65182,2026-01-01,2026-04-18T00:18:17.097257,2026-04-18T00:18:17.097257,22150e84-e43d-4917-a125-5b106fb7c498,59698787-0047-4f90-9a94-347b555aa476
9890ea6f-21f9-4e80-9ff2-b3672c0c7c2a,1c2b1e12-0b2d-4835-bb52-d9e26da08da6,General,LIC-93993,VI,2029-02-19,http://martin-harris.com/,True,01085f56-5713-4a44-af99-0b93f4235903,2025-06-08,2026-04-18T00:18:17.097499,2026-04-18T00:18:17.097499,7892603b-479f-498e-bf4b-4e70119f4656,f80c5756-dcbb-432b-870e-a7c744dece04
5f175efd-f2b5-420e-9443-4cb234da1eff,1c2b1e12-0b2d-4835-bb52-d9e26da08da6,Electrical,LIC-71073,FM,2029-03-20,http://www.carroll.info/,False,,,2026-04-18T00:18:17.097646,2026-04-18T00:18:17.097647,34beb75e-e291-4dcc-ad3b-6de12b4d6406,6b87668b-91ab-4ba8-8edb-df69fdf500b5
b122bfd7-3b36-45e7-89c0-71bda98e9b60,64c8fc4a-e714-436b-a6ea-c6a4cc0be1d1,Electrical,LIC-43331,WA,2027-06-20,https://clark-chen.com/,True,6052d9c2-d5a7-4c79-bd37-93099620a258,2025-12-02,2026-04-18T00:18:17.097890,2026-04-18T00:18:17.097890,bbd81d35-8ee3-46fb-a6f3-232143f2695d,f4b57535-522d-495b-b89a-7dc938c04576
c7172337-12e2-40f1-ad29-75fa548eec56,64c8fc4a-e714-436b-a6ea-c6a4cc0be1d1,General,LIC-49437,MT,2028-06-26,http://www.lambert.com/,True,b57e46d5-58d8-4d18-8396-916954f65182,2026-01-03,2026-04-18T00:18:17.098067,2026-04-18T00:18:17.098068,99684de2-04bb-4f58-a9f0-f390eb02e3a5,e68e6310-d8f7-4e4a-883f-a7ab54e782ef
599156a2-4cfe-4f28-936b-4014e5e5da77,8cb1a59e-cc74-48ca-a7e4-5568de6b93a1,HVAC,LIC-12837,NM,2028-12-07,https://www.andrews-collins.org/,False,,,2026-04-18T00:18:17.098289,2026-04-18T00:18:17.098290,c588c743-f2ec-499f-9090-8969179fd921,f0f5f18d-e375-4714-bf01-c4e767facc2a
23bb5380-bbeb-45d7-868d-5635fc0fa61c,8cb1a59e-cc74-48ca-a7e4-5568de6b93a1,General,LIC-47915,NV,2026-12-25,https://www.yates.org/,True,ff8ab3a9-9f74-480f-b04d-f654868d233d,2025-05-31,2026-04-18T00:18:17.098460,2026-04-18T00:18:17.098460,2f0b0678-c1ca-4a75-a413-f49e4544ecbe,7c0f2c04-4038-4573-bba2-495c042fa770
38d075b9-3a85-4d16-affe-912107c62607,8cb1a59e-cc74-48ca-a7e4-5568de6b93a1,HVAC,LIC-30106,IA,2027-03-08,https://www.lynch.biz/,False,,,2026-04-18T00:18:17.098781,2026-04-18T00:18:17.098782,535a7c8b-22f0-4573-b347-14dd14dd6fd8,b6e29d9d-f3f2-4e13-be17-a67c37d393f2
7424564b-d7fe-4c95-a99c-202efe024e4b,1c572f92-55e3-4ab4-bd8f-19c03b10f049,General,LIC-45942,KS,2026-05-29,https://www.jones.biz/,True,a6b84144-13d6-4580-8144-7a9d351a9ee1,2025-07-09,2026-04-18T00:18:17.099171,2026-04-18T00:18:17.099172,21814854-1c72-4553-9c2f-d451695ffc07,d7ea6f2e-5860-4c13-a1e6-306fec45d3e2
6c8b1793-6ba4-46cc-99b8-57d833b455dd,1c572f92-55e3-4ab4-bd8f-19c03b10f049,Plumbing,LIC-65456,AR,2027-08-18,https://www.lynch-washington.com/,True,a6b84144-13d6-4580-8144-7a9d351a9ee1,2026-03-09,2026-04-18T00:18:17.099444,2026-04-18T00:18:17.099444,6e5cd09f-1e2f-4c28-b8b0-dfb3a2cab9b4,e20d2c89-4aa3-421f-a1ae-e575b46f301f
4435dd11-c157-4a18-8b0b-89d092a14248,0622a1bf-c5e6-4592-962a-3f1eb19d9cd3,General,LIC-52430,DC,2026-12-18,http://walters.com/,True,358ccac6-4a54-4a0d-9e71-dfd3f29f00b1,2026-02-28,2026-04-18T00:18:17.099784,2026-04-18T00:18:17.099784,d7e5367c-9f2e-46cb-9546-8defcdbe7591,f8344f50-1de7-4e0e-8cfa-b406628c2fd9
bb0e2b39-c3a0-41a3-a908-a1bc81b9f80f,0622a1bf-c5e6-4592-962a-3f1eb19d9cd3,HVAC,LIC-72935,NC,2028-12-21,http://www.garcia-booth.net/,True,01085f56-5713-4a44-af99-0b93f4235903,2025-08-14,2026-04-18T00:18:17.100033,2026-04-18T00:18:17.100033,17045968-fedf-400d-8626-7466f1c46f04,293ea2e9-f2f2-4f06-83b1-66fca1403474
59969f34-29fe-4a22-ac96-b7a6998e6b74,61549991-2ae7-44b2-a1a2-75ef2cb7180e,General,LIC-70389,ID,2027-05-04,http://mullins.com/,True,f9a7ae59-487c-40d9-bac4-6f1893f4a008,2025-08-17,2026-04-18T00:18:17.100348,2026-04-18T00:18:17.100348,40c2b266-8917-4a86-bdd5-0aea2e996026,6ed1727a-5a82-4b4e-959a-ce48d998c924
f66bbfcb-889c-4709-8837-778299d480d4,61549991-2ae7-44b2-a1a2-75ef2cb7180e,Electrical,LIC-09427,IN,2027-01-16,http://jones.biz/,True,358ccac6-4a54-4a0d-9e71-dfd3f29f00b1,2025-08-12,2026-04-18T00:18:17.100703,2026-04-18T00:18:17.100704,aade27e8-ef17-4c46-9d74-76b77099673b,3cd4b65c-7ad2-4195-bb2b-9f1c395af149
78edb5a8-f862-4e45-98e4-1a434fa7812e,61549991-2ae7-44b2-a1a2-75ef2cb7180e,Plumbing,LIC-98470,GA,2026-10-23,http://www.ford.biz/,True,01085f56-5713-4a44-af99-0b93f4235903,2025-08-21,2026-04-18T00:18:17.100885,2026-04-18T00:18:17.100885,6387d283-37cc-411b-bb8a-1ceed689f3fb,52f63d08-7205-470d-a773-e8f74cdd9e56
799bea07-116f-4fca-8f47-3fc16d120454,75e512f5-cdb3-41df-89f9-076d6c32c40e,Plumbing,LIC-88349,CO,2027-05-08,https://wilkerson.com/,False,,,2026-04-18T00:18:17.101176,2026-04-18T00:18:17.101177,fb3aa85d-c030-4946-944e-53d95d71378e,ff21af3c-b490-4345-9292-892f2d16a9dc
de54e316-721a-4402-a2a3-80252ad18d4a,75e512f5-cdb3-41df-89f9-076d6c32c40e,Electrical,LIC-67153,FM,2028-04-21,https://dunn.biz/,False,,,2026-04-18T00:18:17.101459,2026-04-18T00:18:17.101460,ab0f95ff-776a-4653-a6af-1d71b04b7cda,d491b088-2b90-464c-8859-21831fbbd66d
84c33b73-84d3-44e4-9d75-53ea28ea544f,5bed05b9-eddd-472b-b98b-88d682164509,General,LIC-40190,NH,2027-05-07,http://www.williams.org/,False,,,2026-04-18T00:18:17.101616,2026-04-18T00:18:17.101617,acd42a42-6ce7-4bff-99b2-18984c0c358f,e93605b0-a800-4356-a5cf-88a3d3b5ef0f
8cef793d-1641-4651-bb9d-f738508ff570,b68a96cf-3ce4-49e6-8a00-97e1889d6365,General,LIC-82739,UT,2028-12-02,http://allen.com/,True,b57e46d5-58d8-4d18-8396-916954f65182,2026-03-17,2026-04-18T00:18:17.101783,2026-04-18T00:18:17.101784,aaf8bcb5-a57d-4186-90ab-e342614cdc78,2b383e29-9afd-4c1d-99cb-53a4e9abaa87
caf13f95-47b8-473c-ac13-e81c38885247,0daf58da-51c0-4039-b7b1-b3dd16bf8e3a,Electrical,LIC-20110,MN,2026-06-30,https://ortega.com/,True,358ccac6-4a54-4a0d-9e71-dfd3f29f00b1,2026-01-16,2026-04-18T00:18:17.102089,2026-04-18T00:18:17.102090,4c366774-ac33-4246-b20b-5ee5635ba2f9,824bd046-35af-4706-9f2c-8a51cc018c32
16335cbf-6fd0-4546-b395-2e6d79ee2edb,0daf58da-51c0-4039-b7b1-b3dd16bf8e3a,HVAC,LIC-28995,WI,2027-07-22,https://www.wong.com/,False,,,2026-04-18T00:18:17.102234,2026-04-18T00:18:17.102235,0a5ce4c0-9aba-4dae-a274-56945a9c5313,76f84866-1580-4f6a-98fa-b6284eec917d
00c65f86-3485-42d8-8718-b8d996561fa4,db848415-509d-48bb-bd4e-ce0b0c43f49e,Electrical,LIC-81349,CA,2028-06-03,http://www.foster-adams.com/,False,,,2026-04-18T00:18:17.102491,2026-04-18T00:18:17.102492,10c45e60-6a8a-401c-898b-fea2c24a24e7,2f0b0678-c1ca-4a75-a413-f49e4544ecbe
9bc43713-f01a-4808-b51d-5ea975c3741c,9588c896-08ab-4892-9d07-a7405645e26d,HVAC,LIC-85197,CT,2026-06-06,https://hunter.com/,True,01085f56-5713-4a44-af99-0b93f4235903,2026-01-19,2026-04-18T00:18:17.102721,2026-04-18T00:18:17.102721,30d7a7d5-20a9-4e1d-88bf-d6a9351b4ad1,a78e672e-864b-43f6-ad11-bf7ed695b4fd
5b05495c-a89d-4fce-be78-476b1f63d56a,b8a3d9b2-2856-4d93-b0c2-e656da3295d4,General,LIC-40068,RI,2028-06-28,http://simmons.com/,False,,,2026-04-18T00:18:17.102867,2026-04-18T00:18:17.102867,16de3fc4-3130-43ae-9654-ddf8a0dfa5ef,a4f9be51-24d7-416c-afa4-56ff05f02851
02e582df-ca8a-4767-a6de-5465db4ad746,b8a3d9b2-2856-4d93-b0c2-e656da3295d4,HVAC,LIC-24450,WI,2029-01-12,https://www.watts.com/,True,6052d9c2-d5a7-4c79-bd37-93099620a258,2026-04-12,2026-04-18T00:18:17.103041,2026-04-18T00:18:17.103041,ca053ebe-2454-484a-ae60-aebb03921942,098e170e-85db-4431-bbd5-d7fd1582586c
43022c15-d645-453c-a3a3-17440528468f,87194c07-188d-4692-9a11-b16639d2ac43,General,LIC-18587,PA,2027-03-14,http://lane.com/,True,ff8ab3a9-9f74-480f-b04d-f654868d233d,2026-01-29,2026-04-18T00:18:17.103355,2026-04-18T00:18:17.103356,54dfdc90-c382-4e4e-9c9f-0cbccdcaa0dd,7b29c776-2c4b-4fed-90e2-5dc5a2a8348e
a42e2200-77d9-43f3-8aef-7f350e31a226,87194c07-188d-4692-9a11-b16639d2ac43,Electrical,LIC-27412,AR,2028-04-30,https://hansen.org/,False,,,2026-04-18T00:18:17.103505,2026-04-18T00:18:17.103506,cc5235ac-dc5b-4984-b80b-31602238af74,293ea2e9-f2f2-4f06-83b1-66fca1403474
f92ba76c-6a0b-487e-9f6e-25215e9ca66c,f9a05cd2-b418-48db-8fb9-91f2480afd38,Plumbing,LIC-02738,IA,2028-02-16,http://www.williams-hill.com/,False,,,2026-04-18T00:18:17.103764,2026-04-18T00:18:17.103764,6387d283-37cc-411b-bb8a-1ceed689f3fb,2b0a5653-d93d-44df-8731-707eb07bc344
b564239c-e5d0-4898-8845-3c2c4bdb3662,f9a05cd2-b418-48db-8fb9-91f2480afd38,Electrical,LIC-07621,AS,2028-05-31,https://armstrong-chambers.info/,False,,,2026-04-18T00:18:17.103979,2026-04-18T00:18:17.103979,c26261fb-5d7e-40b9-9ada-239f244c51a0,10c45e60-6a8a-401c-898b-fea2c24a24e7
b9f349b6-7988-41db-a4fe-90fdaecb1b9e,a450e387-79e5-4b28-9576-c03671a50069,HVAC,LIC-91190,MH,2029-01-17,http://www.hampton.info/,False,,,2026-04-18T00:18:17.104270,2026-04-18T00:18:17.104271,1c8ba309-21ed-4085-85bb-f8ec898194da,51fe496a-ffe3-4e94-96b5-b687a6e7c957
7a150e18-362f-470f-aa7d-31b8875ccf88,a450e387-79e5-4b28-9576-c03671a50069,General,LIC-58058,CA,2027-06-02,https://www.johnston.com/,True,358ccac6-4a54-4a0d-9e71-dfd3f29f00b1,2025-06-21,2026-04-18T00:18:17.104438,2026-04-18T00:18:17.104439,15f57727-5938-48d8-b856-149530de01de,f5493a95-ca62-4ef2-bae3-9d1a27c814c8
5e0732bb-78e3-445e-84f1-204feee3e68d,d54f35b2-7c4d-4e35-a792-28d590536913,HVAC,LIC-34878,ME,2028-11-20,https://www.nguyen-davis.com/,True,8707e039-924c-40fd-9bd9-f62a7a7cbb9d,2026-01-17,2026-04-18T00:18:17.104730,2026-04-18T00:18:17.104731,4394ee92-fc04-420b-ae85-ab2804745cf3,1d622ccf-6bab-49c5-a9d5-c6ba5f96062d
8d28d517-af36-4dbc-854e-680a17f2f5aa,e8cf4aca-9d69-48f5-9986-c5a6b517aa38,General,LIC-69354,MS,2027-05-16,https://lewis.com/,False,,,2026-04-18T00:18:17.104886,2026-04-18T00:18:17.104887,532e2367-a973-4300-be2c-3e338856e7e7,fb3aa85d-c030-4946-944e-53d95d71378e
e7b36bd9-6ed5-43a0-ab65-461c75e539a9,e8cf4aca-9d69-48f5-9986-c5a6b517aa38,HVAC,LIC-36089,DE,2028-01-30,https://www.watson.org/,True,01085f56-5713-4a44-af99-0b93f4235903,2025-10-27,2026-04-18T00:18:17.105196,2026-04-18T00:18:17.105197,4bafba30-285d-464e-9b5c-8d2d243e3032,0efd92cd-58d9-41b2-a1c7-d8cc82ef8d72
28f716b7-6fe9-4c91-bbca-9c1c800194f4,e8cf4aca-9d69-48f5-9986-c5a6b517aa38,General,LIC-96708,PA,2028-05-23,https://dean.com/,False,,,2026-04-18T00:18:17.105519,2026-04-18T00:18:17.105520,2fe2bcb2-5185-44ba-ab93-4027241f2599,35b5ab89-ed67-41e6-bb94-b06ba56e0e82
95ad77e4-3151-474a-8432-28e1d3fbe58c,55ba4de6-6ca9-4e17-b25f-7d23e01faddb,General,LIC-01950,OR,2028-09-14,http://www.stark.org/,True,01085f56-5713-4a44-af99-0b93f4235903,2025-06-16,2026-04-18T00:18:17.105704,2026-04-18T00:18:17.105704,f9dbe609-5e65-461f-9317-12deda296f2f,1ae71fdb-743a-4085-a0b7-fbc7744133cf
819f1c2f-10ab-4b04-bb3a-648c7ae4993a,55ba4de6-6ca9-4e17-b25f-7d23e01faddb,Electrical,LIC-36345,WY,2026-04-22,http://www.clark.com/,False,,,2026-04-18T00:18:17.105989,2026-04-18T00:18:17.105990,141e837d-f172-4040-9f0e-1a637957fd5b,921fe1ab-79d9-46d3-bd31-c08df1196d89
3169003a-d13d-4af3-9baf-03100d5c1bd5,595fff36-7a36-4132-9583-5d89957a40e0,HVAC,LIC-83026,FM,2026-07-24,https://www.ortiz-taylor.com/,False,,,2026-04-18T00:18:17.106209,2026-04-18T00:18:17.106209,4cd83aa7-be32-4ac2-843b-fa16d2b6a6fe,6fda5527-baa3-4010-a136-0c8e6e47147d
cbf4328a-b3c7-4b07-b2dd-4a989d62f197,595fff36-7a36-4132-9583-5d89957a40e0,Plumbing,LIC-40878,NC,2029-01-30,http://www.johnson.com/,True,a6b84144-13d6-4580-8144-7a9d351a9ee1,2026-03-17,2026-04-18T00:18:17.106513,2026-04-18T00:18:17.106514,acd42a42-6ce7-4bff-99b2-18984c0c358f,fed0b9b6-dd14-48a3-8051-b2b5985814f6
1937bb4c-9a35-4cfd-8d96-c2cd85632ad3,cb640aea-e711-4550-9e89-5007d113d744,Plumbing,LIC-51684,NJ,2027-05-09,http://www.nichols-fox.org/,False,,,2026-04-18T00:18:17.106727,2026-04-18T00:18:17.106727,423f77f0-ec3a-47ff-8481-36dd5b56af34,17045968-fedf-400d-8626-7466f1c46f04
ecbdc2e4-b8c0-4140-b9f8-60c3ef84aef8,cb640aea-e711-4550-9e89-5007d113d744,HVAC,LIC-49377,UT,2026-09-01,http://decker.biz/,True,ff8ab3a9-9f74-480f-b04d-f654868d233d,2025-05-02,2026-04-18T00:18:17.106933,2026-04-18T00:18:17.106934,cbcdbc90-0632-4151-a704-e67d710eb7d4,cff84a4b-59d0-404b-b4ee-e7c97baabd39
68d4e6fd-994c-4d0d-a883-6125222a3f2f,cb640aea-e711-4550-9e89-5007d113d744,Electrical,LIC-29968,ND,2028-07-22,http://www.lawrence.com/,False,,,2026-04-18T00:18:17.107218,2026-04-18T00:18:17.107218,2f0b0678-c1ca-4a75-a413-f49e4544ecbe,c5ed254f-b31e-4121-9fb3-f17e88371e48
55a17a4b-10a6-4a92-a918-b5c1a77a7bec,60d2bd84-5892-4ad5-9252-ca8b0dc3245d,Electrical,LIC-01247,IN,2029-01-05,http://www.oneill.com/,True,58078389-eea5-48d6-bc57-dfb6d96904a0,2025-09-07,2026-04-18T00:18:17.107388,2026-04-18T00:18:17.107389,6e09e58b-f8bc-4c71-8341-79291aa34ee5,d4ecc9ce-0712-41dc-a6dc-f2aff0b6a104
20bbc669-2710-4e8b-ab52-c5eadee1daa8,60d2bd84-5892-4ad5-9252-ca8b0dc3245d,Electrical,LIC-52262,MO,2027-02-10,http://hart.org/,True,358ccac6-4a54-4a0d-9e71-dfd3f29f00b1,2025-07-25,2026-04-18T00:18:17.107731,2026-04-18T00:18:17.107731,d7efea8d-0a6c-4100-b7e3-12b429e049d2,b065db87-831d-4758-860f-a742e1be5e9a
feb033cc-928d-4a83-bda9-c44773ec1f76,149e5592-ecfa-4fd7-816c-5c1344c7739b,Electrical,LIC-45137,HI,2027-07-08,https://scott.com/,False,,,2026-04-18T00:18:17.107970,2026-04-18T00:18:17.107971,6387d283-37cc-411b-bb8a-1ceed689f3fb,cbcdbc90-0632-4151-a704-e67d710eb7d4
25ecf255-7f17-4472-9cba-ccd46aa8c088,149e5592-ecfa-4fd7-816c-5c1344c7739b,General,LIC-48585,LA,2027-05-26,https://www.smith-smith.biz/,False,,,2026-04-18T00:18:17.108537,2026-04-18T00:18:17.108538,85247537-4882-4871-b4f5-591c3448902f,4074241e-a2e0-4a0c-a19f-c8f232251dac
7e166a18-726a-4712-bf28-96fcae4e3d8e,149e5592-ecfa-4fd7-816c-5c1344c7739b,General,LIC-67151,WY,2028-08-01,https://www.gomez.com/,False,,,2026-04-18T00:18:17.108846,2026-04-18T00:18:17.108846,cbbe60d3-dc56-4c84-8f9b-3a2966e536fb,37785dc0-7ebe-46e2-895a-6a7c056a0430
a67dff29-845d-40a9-8d02-59fec86a542d,69efb9d9-ffe8-46dd-be72-4843f6b29745,General,LIC-25612,WI,2026-08-26,http://hill-jarvis.info/,False,,,2026-04-18T00:18:17.109083,2026-04-18T00:18:17.109084,f0f5f18d-e375-4714-bf01-c4e767facc2a,46a705a2-17b8-47d6-88f8-bccba0cffa74
729eada9-b409-4998-8626-ff70bac693f4,69efb9d9-ffe8-46dd-be72-4843f6b29745,HVAC,LIC-74343,FL,2026-08-19,https://tucker.com/,True,74dc6751-5250-464a-9f9b-a4faa8f05be6,2025-07-10,2026-04-18T00:18:17.109401,2026-04-18T00:18:17.109401,560bccfe-91c8-4cb8-bdc3-5bc4da243135,96754171-999c-4e48-a503-272ce10539c9
1375ca97-3f8a-4396-b33e-33990dfc7ab2,87afd117-5b60-4bff-9345-63efb88d5dc5,Electrical,LIC-43139,PA,2029-02-19,https://www.parker.com/,False,,,2026-04-18T00:18:17.109548,2026-04-18T00:18:17.109549,ed21877e-19cb-47d4-b659-b8999cd3db11,ff40989e-dfad-44c3-9470-9853929a7162
0f31c776-658f-4219-b16a-962eb1835e4b,87afd117-5b60-4bff-9345-63efb88d5dc5,General,LIC-56538,NJ,2028-03-13,https://miller.net/,False,,,2026-04-18T00:18:17.109838,2026-04-18T00:18:17.109838,f80c5756-dcbb-432b-870e-a7c744dece04,6ed1727a-5a82-4b4e-959a-ce48d998c924
759d5bd2-258b-46e4-a27b-0af528acc32d,87afd117-5b60-4bff-9345-63efb88d5dc5,Electrical,LIC-00613,GU,2027-03-23,http://gomez-barr.net/,False,,,2026-04-18T00:18:17.110086,2026-04-18T00:18:17.110087,4a571f0c-9fae-4e06-9094-68501a79d48b,6320967f-fbe7-48d2-9e70-5f1d915bf88a
8351835d-d8f9-4ffb-93c3-3926180043eb,ac6bd33e-4fe5-41e3-b005-ad49a1c0cb85,HVAC,LIC-02995,TN,2028-07-03,http://fitzgerald.net/,True,a6b84144-13d6-4580-8144-7a9d351a9ee1,2025-11-13,2026-04-18T00:18:17.110281,2026-04-18T00:18:17.110281,e1f129b7-4f65-4f9b-9e02-a37eeca18e36,685a1268-85bd-4abe-a9a0-3c5817aab88b
9f6a8f20-2e41-4a56-b5ff-5543b626d879,ac6bd33e-4fe5-41e3-b005-ad49a1c0cb85,HVAC,LIC-82370,MO,2027-09-01,http://bailey.com/,True,ff8ab3a9-9f74-480f-b04d-f654868d233d,2025-12-26,2026-04-18T00:18:17.110479,2026-04-18T00:18:17.110479,c27e091b-d208-4ab0-abf7-07e1a095540a,89c5e48c-3145-443c-9b91-22dc2910f443
b825ffbe-fe48-4933-bae0-b63132063675,10ca7aaf-5e2e-42ed-845c-32464cba4604,General,LIC-45142,UT,2027-02-17,https://thornton-alvarado.com/,False,,,2026-04-18T00:18:17.110703,2026-04-18T00:18:17.110703,f9dbe609-5e65-461f-9317-12deda296f2f,f23dd3a1-40e7-4758-84fd-7383c1425830
44b36549-9da8-4a64-a165-fe486868244c,40dbe7e1-dda2-4b5e-b079-5de0db537645,Electrical,LIC-65905,GU,2028-10-26,https://www.jones.net/,False,,,2026-04-18T00:18:17.110849,2026-04-18T00:18:17.110850,2b8cec8e-90e5-496d-8685-36a77fc427b8,4074241e-a2e0-4a0c-a19f-c8f232251dac
4c3c519a-8d83-496e-9aaa-041184351e6b,3c82a846-f35d-4fb9-9513-34a8520df6b1,Electrical,LIC-78156,OK,2029-01-01,https://allen.com/,True,b57e46d5-58d8-4d18-8396-916954f65182,2025-05-15,2026-04-18T00:18:17.111163,2026-04-18T00:18:17.111163,94e27189-d4be-45fa-9a28-f6b3358f02dd,109016c7-a1e5-434d-bed6-3886a604bd05
a56a8bd3-0bd4-4f01-acbe-ad10386fdb9b,fa791bb4-8ea4-4f89-9f41-143879756068,Plumbing,LIC-98781,NC,2026-09-02,http://www.baker.biz/,True,f9a7ae59-487c-40d9-bac4-6f1893f4a008,2025-12-08,2026-04-18T00:18:17.111340,2026-04-18T00:18:17.111341,e1f43275-df9f-4628-b7bf-2557dc5c16ae,7ecb1f43-b2cb-4ee2-93b9-f148650d5ab8
60307a82-ebd5-4239-80e2-a5b7ee05ac04,fa791bb4-8ea4-4f89-9f41-143879756068,HVAC,LIC-01424,SC,2029-02-16,http://www.gonzales.com/,True,ff8ab3a9-9f74-480f-b04d-f654868d233d,2026-02-09,2026-04-18T00:18:17.111508,2026-04-18T00:18:17.111509,99684de2-04bb-4f58-a9f0-f390eb02e3a5,451fb512-01d7-47f8-ada0-9d7aedbfb9e3
8faa2064-6ec3-4ef0-8555-4355821a9e18,fa791bb4-8ea4-4f89-9f41-143879756068,General,LIC-38107,VT,2026-12-19,http://mann.com/,False,,,2026-04-18T00:18:17.111684,2026-04-18T00:18:17.111685,c044c8ee-b598-4c50-9959-f87d59b130f8,d23fff16-c4a7-4c41-b157-54459f7dd7d7
1132b97a-cea5-46e9-a317-e49650b0f8fa,6803e8eb-b691-4bda-b2d4-c26ef9c5e61d,Electrical,LIC-55116,MP,2029-01-13,http://www.davis-gibson.com/,False,,,2026-04-18T00:18:17.111897,2026-04-18T00:18:17.111898,18f71e01-4142-4108-b894-fc67084169ee,a722c2dd-3514-48e3-a989-d5f79c8360ef
5dac9572-8486-4565-af55-9ae6dfd89c14,6803e8eb-b691-4bda-b2d4-c26ef9c5e61d,Electrical,LIC-67586,OK,2027-10-01,https://www.cannon-mays.com/,False,,,2026-04-18T00:18:17.112111,2026-04-18T00:18:17.112111,e93605b0-a800-4356-a5cf-88a3d3b5ef0f,362322b4-b42e-4872-9187-348f20fdc84c
de374c01-c323-4ac8-9f64-baedc3f25f42,6803e8eb-b691-4bda-b2d4-c26ef9c5e61d,Electrical,LIC-88851,OR,2027-03-17,https://www.harvey.com/,True,f9a7ae59-487c-40d9-bac4-6f1893f4a008,2025-07-22,2026-04-18T00:18:17.112322,2026-04-18T00:18:17.112323,3e99d033-5db4-4595-9430-5c7f7076bf17,113900cd-867f-47ac-8a92-30188db07949
61f883a8-cac9-479a-ae2c-e814a546cdbe,afe888fc-ec6a-4ce4-9d47-0215bf609908,General,LIC-48448,WA,2026-12-29,http://www.baker.biz/,False,,,2026-04-18T00:18:17.112617,2026-04-18T00:18:17.112617,906f90e3-9a79-44e5-a5e0-552deeb206b3,5eb7504b-8d65-412f-8a76-dc4436dee405
17581409-990b-4b23-b7bb-12f2377199ce,afe888fc-ec6a-4ce4-9d47-0215bf609908,HVAC,LIC-66375,AS,2026-12-23,https://hall.org/,False,,,2026-04-18T00:18:17.112761,2026-04-18T00:18:17.112761,7c0f2c04-4038-4573-bba2-495c042fa770,becba19b-96c0-49a0-affa-69fef836a9e7
9cf36718-810e-4785-96e5-ba3b05ba507e,afe888fc-ec6a-4ce4-9d47-0215bf609908,General,LIC-23350,PA,2029-01-11,https://www.cook.net/,False,,,2026-04-18T00:18:17.113040,2026-04-18T00:18:17.113041,e266add4-daee-460e-a354-232b5a127ed5,961d83ad-b3d0-42fb-98f6-ae61ef8297d9
1cd1534b-8241-48a1-b4f7-3d7fe46214d1,079708c3-9559-46b8-88bf-4e4b24d65590,Electrical,LIC-59982,CO,2026-10-07,http://johnson-peters.net/,False,,,2026-04-18T00:18:17.113254,2026-04-18T00:18:17.113255,b065db87-831d-4758-860f-a742e1be5e9a,4c615a2c-d7ea-4cc2-b3c5-f6deb03d950d
858ac5b3-691b-4c2b-8f02-16f7c209990a,c808ad82-f777-41dc-9c71-ae878b59a917,Electrical,LIC-88564,PR,2028-05-26,http://www.myers.com/,True,f9a7ae59-487c-40d9-bac4-6f1893f4a008,2025-08-01,2026-04-18T00:18:17.113422,2026-04-18T00:18:17.113422,362c277b-759a-4b6e-9de5-e10d2b2f79a9,3cb5c0d9-ecd2-4e44-9bf5-c63684dac816
c5357477-d4ac-4105-b938-95f138ab53d3,c808ad82-f777-41dc-9c71-ae878b59a917,General,LIC-70647,HI,2027-11-13,https://www.gardner.com/,False,,,2026-04-18T00:18:17.113731,2026-04-18T00:18:17.113732,5f8ec5ff-de58-4dc0-ba1d-a41dd7ec2e4a,a722c2dd-3514-48e3-a989-d5f79c8360ef
2c8177d1-eb4b-493e-9b74-2fdf4952d36c,c808ad82-f777-41dc-9c71-ae878b59a917,HVAC,LIC-54554,NH,2028-08-12,http://www.clayton-black.com/,True,b57e46d5-58d8-4d18-8396-916954f65182,2025-12-31,2026-04-18T00:18:17.113996,2026-04-18T00:18:17.113997,651eb363-ff53-493d-8226-70ae14a95470,af676cbb-988a-4a4d-ba1e-4b2a27d742da
a3c47356-72b3-42b0-8310-ceb30d2aa401,c31c9253-bf1b-4918-9061-283911a99dc1,HVAC,LIC-09673,VA,2029-02-22,https://edwards-fischer.net/,False,,,2026-04-18T00:18:17.114213,2026-04-18T00:18:17.114214,a722c2dd-3514-48e3-a989-d5f79c8360ef,8da8a94f-ea74-4c93-b15a-60d223fdf5ad
35cc8176-03a0-475b-91ff-2dc8a0e004f6,0e240e29-8d64-40f6-8b43-4f07c22cd71c,General,LIC-73532,AL,2026-08-21,https://www.torres.com/,False,,,2026-04-18T00:18:17.114390,2026-04-18T00:18:17.114391,af676cbb-988a-4a4d-ba1e-4b2a27d742da,0386e925-845b-4fd8-aa58-5065a86202a6
bc632b5d-25fd-4edb-bdd8-2b97784a417b,eb8cd134-15c5-40d6-8052-77dcd1ca67ed,General,LIC-45519,HI,2026-06-04,https://jackson.net/,True,b57e46d5-58d8-4d18-8396-916954f65182,2025-06-30,2026-04-18T00:18:17.114759,2026-04-18T00:18:17.114760,028dcc0e-a03c-4162-b9be-0780b2210b5b,5989d4ae-f17f-4037-b74a-b370650f41ab
9bdadba5-f15d-45e5-8913-9d3915c6514c,eb8cd134-15c5-40d6-8052-77dcd1ca67ed,Plumbing,LIC-36128,RI,2027-11-05,https://clark.com/,True,b57e46d5-58d8-4d18-8396-916954f65182,2025-11-22,2026-04-18T00:18:17.115080,2026-04-18T00:18:17.115080,fed0b9b6-dd14-48a3-8051-b2b5985814f6,79dae225-4678-43c6-b49d-d534319b554c
979aa093-85f2-490d-828a-f8b0e7a197cb,0e425180-ad7c-47fd-b715-760651fde1f9,Plumbing,LIC-68456,GU,2027-01-23,https://williams-griffin.org/,False,,,2026-04-18T00:18:17.115315,2026-04-18T00:18:17.115315,b489a8f4-cc98-42d0-a660-9a3ec5ddb91c,c9a3dbf9-9718-44e6-868f-117b9e8d2fda
10d13a1d-25d3-4513-9fe3-1128503378e1,0e425180-ad7c-47fd-b715-760651fde1f9,Electrical,LIC-24996,WA,2027-11-21,https://anderson.info/,True,01085f56-5713-4a44-af99-0b93f4235903,2025-07-21,2026-04-18T00:18:17.115494,2026-04-18T00:18:17.115495,94d26689-e6a7-4ab9-97ed-eb07dacac101,3801fb14-4cd1-48cb-8508-0a3c0ee87248
dc9c2665-b668-4ea4-966a-1d821802dbb5,0e425180-ad7c-47fd-b715-760651fde1f9,HVAC,LIC-32551,MS,2029-02-03,http://coleman-york.com/,False,,,2026-04-18T00:18:17.115731,2026-04-18T00:18:17.115731,560bccfe-91c8-4cb8-bdc3-5bc4da243135,316f3a64-e8f4-4c4c-9361-18096ff772c5
14e30bc3-3440-47cc-94a5-7ca01b757f4e,1db5f137-cd6f-43d7-b944-9d61c8c25249,General,LIC-71322,WY,2027-11-19,https://www.gonzalez.biz/,True,8707e039-924c-40fd-9bd9-f62a7a7cbb9d,2025-05-18,2026-04-18T00:18:17.115902,2026-04-18T00:18:17.115902,a7d5748d-f5d2-4809-9da3-d25d986da369,362322b4-b42e-4872-9187-348f20fdc84c
4d33846d-991d-4b29-8d49-26cdd3d4eb69,1db5f137-cd6f-43d7-b944-9d61c8c25249,Electrical,LIC-07671,OR,2026-05-30,http://www.odonnell-hayes.biz/,True,01085f56-5713-4a44-af99-0b93f4235903,2026-01-04,2026-04-18T00:18:17.116134,2026-04-18T00:18:17.116135,f1e2c4c4-d4c7-4362-92f9-18d4db168c74,aada519e-a5ff-4590-be3a-57053a638555
049b3eee-6513-4d57-a4cf-3cfb7ee1bfa2,1db5f137-cd6f-43d7-b944-9d61c8c25249,General,LIC-99231,TN,2028-01-26,https://koch.com/,False,,,2026-04-18T00:18:17.116439,2026-04-18T00:18:17.116440,6e5cd09f-1e2f-4c28-b8b0-dfb3a2cab9b4,ad2cdcbb-f1bf-483f-a6fc-ac38eb7527c5
013fe383-a694-4c5f-8d91-9c0230907cf8,9fe66da7-1b0d-4f67-ad6c-7dc27784f231,General,LIC-91587,GA,2027-09-22,https://www.cook.org/,True,b57e46d5-58d8-4d18-8396-916954f65182,2026-04-05,2026-04-18T00:18:17.116628,2026-04-18T00:18:17.116628,40c2b266-8917-4a86-bdd5-0aea2e996026,8e2100d1-f85e-47b2-8f70-0cbfc84c48e9
a732842a-8145-49ea-9459-065f9ee22a8c,9fe66da7-1b0d-4f67-ad6c-7dc27784f231,HVAC,LIC-78654,OK,2026-11-08,http://www.guzman-barnes.org/,True,ff8ab3a9-9f74-480f-b04d-f654868d233d,2025-08-27,2026-04-18T00:18:17.116865,2026-04-18T00:18:17.116866,becba19b-96c0-49a0-affa-69fef836a9e7,1ad8861e-a7a4-4cc4-a23c-c87e6d860ccf
b390aada-b3de-4349-b93b-bbf4fd5b3651,4fdd6aad-6511-448c-a2ef-e12313b72010,Electrical,LIC-92817,MS,2027-06-09,https://garrison.biz/,True,f9a7ae59-487c-40d9-bac4-6f1893f4a008,2025-10-08,2026-04-18T00:18:17.117032,2026-04-18T00:18:17.117032,54dfdc90-c382-4e4e-9c9f-0cbccdcaa0dd,2b0a5653-d93d-44df-8731-707eb07bc344
05975c92-fcce-4bfb-9fbf-b5924b035860,59bbce3a-a078-4487-bc06-bad85d44127f,HVAC,LIC-09306,NH,2027-04-18,http://www.hernandez.com/,True,6052d9c2-d5a7-4c79-bd37-93099620a258,2025-09-05,2026-04-18T00:18:17.117387,2026-04-18T00:18:17.117387,fd179eea-2a39-4eb2-9614-6b3d7acb7d52,90a570e7-5bab-4df9-a5e9-690d3d582fc1
4b24b99f-39b8-441f-a5f0-0d6110d5b475,ea7861dc-34db-41fb-9a36-9b07fd7e9661,HVAC,LIC-66393,OH,2026-05-28,http://www.guerrero.com/,False,,,2026-04-18T00:18:17.117681,2026-04-18T00:18:17.117682,d7ea6f2e-5860-4c13-a1e6-306fec45d3e2,201d1135-98be-4463-9ec9-10168f3f5d89
bbddb587-5d7f-4b71-8eb5-93cc69262184,ea7861dc-34db-41fb-9a36-9b07fd7e9661,General,LIC-68053,MI,2028-07-30,https://www.vargas-garcia.org/,False,,,2026-04-18T00:18:17.117895,2026-04-18T00:18:17.117895,52f63d08-7205-470d-a773-e8f74cdd9e56,7653358f-cd3a-430f-bd05-6884a756a75a
b8310cbf-56f2-4164-a2bb-741a97e96af7,ea7861dc-34db-41fb-9a36-9b07fd7e9661,HVAC,LIC-30063,VT,2028-06-25,http://www.barnes.com/,False,,,2026-04-18T00:18:17.118183,2026-04-18T00:18:17.118183,2eb543ed-70c1-488d-a7f0-bdc5871e2c97,7029e06d-8834-4ea6-8d36-e539cd4826ff
2dce0ab3-6ae2-420a-a5e0-2ac0b1113c2e,145e9606-8f3e-459b-9980-ec8e5c26129f,HVAC,LIC-63844,FL,2028-09-02,http://www.hernandez-scott.com/,True,358ccac6-4a54-4a0d-9e71-dfd3f29f00b1,2025-10-15,2026-04-18T00:18:17.118418,2026-04-18T00:18:17.118419,46a705a2-17b8-47d6-88f8-bccba0cffa74,93e06fce-8313-424b-b80c-1e779327146e
4b47547a-cb43-4dbd-aff5-8d754516bd3b,ae09b24b-74ee-4a4e-b030-963a779c69a3,General,LIC-51179,CT,2028-10-13,http://www.phillips.com/,True,f9a7ae59-487c-40d9-bac4-6f1893f4a008,2026-03-15,2026-04-18T00:18:17.118624,2026-04-18T00:18:17.118624,14fea47a-7f67-45b3-a631-47cd822a3ae4,276ce74f-5995-4846-93f6-d55d95768061
7f02cb37-ce08-4f66-b20b-b2ac5df0fa46,427663de-e4b6-4afe-a116-e18db19da7bc,HVAC,LIC-69292,AK,2028-04-03,http://sanders-hansen.info/,True,01085f56-5713-4a44-af99-0b93f4235903,2026-04-07,2026-04-18T00:18:17.118899,2026-04-18T00:18:17.118900,ffbb8da5-f9e5-493f-b510-32213d7075ee,b8ebcfc4-a837-4cc8-b935-3263b209e48b
a115dca8-b004-4fe8-88ff-dbc6c508bc00,427663de-e4b6-4afe-a116-e18db19da7bc,Electrical,LIC-86208,MA,2028-02-06,https://haley.com/,True,58078389-eea5-48d6-bc57-dfb6d96904a0,2025-08-30,2026-04-18T00:18:17.119213,2026-04-18T00:18:17.119214,40c2b266-8917-4a86-bdd5-0aea2e996026,5f8ec5ff-de58-4dc0-ba1d-a41dd7ec2e4a
723dab79-ea89-4028-ad29-e2675f33419b,427663de-e4b6-4afe-a116-e18db19da7bc,General,LIC-30071,TX,2026-07-11,http://www.marks.com/,False,,,2026-04-18T00:18:17.119358,2026-04-18T00:18:17.119359,a5c24084-fd61-460e-8e40-57066578f1cc,99684de2-04bb-4f58-a9f0-f390eb02e3a5
e7dd79f1-b0a9-4a04-bf23-7fb3ff01207e,cf26145c-4f02-4a8a-b4cd-9ed52bbbc519,Electrical,LIC-66739,MI,2028-11-22,http://vega.net/,False,,,2026-04-18T00:18:17.119502,2026-04-18T00:18:17.119502,b1188c9d-3876-4b86-84b1-1bdc7fe6e1ef,3ddcc9fe-fc5b-4706-90b6-f1f993b1b682
629e105d-72b0-4999-8bca-4f8463186a9f,64abcbfc-39e3-4835-9e28-8a1dd5a40cc3,HVAC,LIC-68800,SD,2026-12-19,http://www.moore-noble.net/,False,,,2026-04-18T00:18:17.119742,2026-04-18T00:18:17.119743,8ead1f8c-f22c-4247-9833-3477a37f3bf9,d91f18a6-b859-4dd6-9cbc-fa82f277c79a
ae8a8046-29b9-40b6-93ca-806e0282c871,68cb078f-af21-4679-bf9e-4113a8eefe3b,HVAC,LIC-55178,FM,2029-03-02,http://wallace.info/,False,,,2026-04-18T00:18:17.119892,2026-04-18T00:18:17.119892,46257746-3d47-4991-843f-821def49b01e,7a876d66-aa53-4761-9663-0e5f7a5ce183
439b95d2-b361-492a-8f25-a1ed56c2c53b,68cb078f-af21-4679-bf9e-4113a8eefe3b,Electrical,LIC-47568,PA,2027-09-12,http://www.arnold.org/,False,,,2026-04-18T00:18:17.120061,2026-04-18T00:18:17.120063,e72ba9f4-a0e0-46f9-be2d-3eb5874eaf43,e7ebe180-8bbc-4cf8-a0f6-70e19ee6ecad
c6dc82e7-08df-40b3-94d4-aa0d225fe9a9,68cb078f-af21-4679-bf9e-4113a8eefe3b,Plumbing,LIC-17247,WA,2027-10-26,http://www.simpson.org/,False,,,2026-04-18T00:18:17.120222,2026-04-18T00:18:17.120223,562564a4-159f-4648-ad0f-07789905b921,c4b8d009-2032-47aa-8d30-b188d08b1754
0f770838-a649-4b13-904c-b8c951455831,849a51be-d8f5-419c-ad27-8889ff563c92,HVAC,LIC-92202,ID,2029-03-21,https://www.cannon-little.biz/,True,6052d9c2-d5a7-4c79-bd37-93099620a258,2025-08-10,2026-04-18T00:18:17.120474,2026-04-18T00:18:17.120474,929aa4b7-a09b-440d-9e1c-036e0a51bd95,824bd046-35af-4706-9f2c-8a51cc018c32
99d5df9e-6449-4a8b-9ca5-ab3348c0cc35,7dfddc42-92bd-497d-9cba-d3f8c34e344e,Electrical,LIC-10143,KS,2026-07-01,http://jacobs.com/,True,358ccac6-4a54-4a0d-9e71-dfd3f29f00b1,2025-05-25,2026-04-18T00:18:17.120675,2026-04-18T00:18:17.120675,10c45e60-6a8a-401c-898b-fea2c24a24e7,7a8faa4a-8fcb-4a51-9eb5-155514a433d1
06a112dd-8bb0-49e3-8752-20f8029d1fa2,7dfddc42-92bd-497d-9cba-d3f8c34e344e,HVAC,LIC-88111,WY,2027-06-22,http://marsh.info/,True,8707e039-924c-40fd-9bd9-f62a7a7cbb9d,2026-01-08,2026-04-18T00:18:17.120849,2026-04-18T00:18:17.120849,92939795-660e-4191-be22-935df6a76b78,5758e907-4a91-4135-b84c-5eff9b24b504
9255c577-c41b-4db9-b9e7-877acbe0449c,7dfddc42-92bd-497d-9cba-d3f8c34e344e,Electrical,LIC-24799,KY,2027-11-21,https://www.white.com/,True,8707e039-924c-40fd-9bd9-f62a7a7cbb9d,2025-07-20,2026-04-18T00:18:17.121160,2026-04-18T00:18:17.121161,43c4a9d4-edf2-410e-848d-93d537e98270,f80c5756-dcbb-432b-870e-a7c744dece04
3fc00750-897b-4947-a55f-2c67d89ca59e,9e37f859-8a2d-4029-a6f5-c3bdd188a925,Plumbing,LIC-52937,VA,2028-02-24,http://burns.com/,True,358ccac6-4a54-4a0d-9e71-dfd3f29f00b1,2026-02-05,2026-04-18T00:18:17.121323,2026-04-18T00:18:17.121324,33824895-a799-479e-a49d-a6b4c1082b88,8e2100d1-f85e-47b2-8f70-0cbfc84c48e9
5c3cbb2f-e030-498b-923f-222814c40990,9e37f859-8a2d-4029-a6f5-c3bdd188a925,Electrical,LIC-51588,DC,2028-06-30,https://baker-jones.info/,False,,,2026-04-18T00:18:17.121532,2026-04-18T00:18:17.121532,923cedbd-8296-4756-85aa-d675960a25da,17045968-fedf-400d-8626-7466f1c46f04
6e107c9f-1b52-4b02-a6dd-b45273c43538,a1ab1477-3933-4594-b566-6bd121f5b156,Plumbing,LIC-89970,PW,2028-04-08,http://stone-lewis.biz/,False,,,2026-04-18T00:18:17.121742,2026-04-18T00:18:17.121743,9eaee953-d5d3-4929-84e7-ee00efdf700d,276ce74f-5995-4846-93f6-d55d95768061
5d82522a-6c1c-4469-9d05-9f2a404f7080,a1ab1477-3933-4594-b566-6bd121f5b156,Plumbing,LIC-90861,NV,2027-05-08,http://santiago.net/,False,,,2026-04-18T00:18:17.122027,2026-04-18T00:18:17.122028,5eb7504b-8d65-412f-8a76-dc4436dee405,109016c7-a1e5-434d-bed6-3886a604bd05
245a008c-03bc-4b49-a372-04508e3f9494,d63e01a8-a617-4ddc-b47e-b5b2f0a53031,Electrical,LIC-96934,NE,2027-07-25,https://daniel-mcbride.com/,True,74dc6751-5250-464a-9f9b-a4faa8f05be6,2026-04-05,2026-04-18T00:18:17.122265,2026-04-18T00:18:17.122265,dafed06c-6f56-42a5-aa5e-89e66ad2f3d9,ad53d4d0-8c3c-473d-9bdb-2c5ecd76a4ef
d2e5720d-ccf4-481c-afe7-c9b2a9a98d71,d6d970f1-5adc-423e-af31-0f51b675c3b8,HVAC,LIC-46835,MH,2027-01-03,https://hamilton-thompson.com/,True,b57e46d5-58d8-4d18-8396-916954f65182,2025-06-29,2026-04-18T00:18:17.122500,2026-04-18T00:18:17.122500,595fc6f4-24dd-4877-9cc4-c918cf7c5b18,61d2fd37-d606-44f4-b46d-8cfa0f2ee4f1
5aa091b9-928e-4dec-8c18-d5c26a840953,d6d970f1-5adc-423e-af31-0f51b675c3b8,Plumbing,LIC-20483,NE,2027-12-06,https://wilson-george.com/,False,,,2026-04-18T00:18:17.122707,2026-04-18T00:18:17.122708,e958c7bc-20dc-4223-bfaa-66908025ad1f,b40b9878-4ec7-4f0b-98d0-bd0c53b4b88f
a842b5b5-2e55-48ca-9beb-be6afb6e2b94,ed96fcc8-5206-4417-8762-e472e5253e42,HVAC,LIC-38141,RI,2027-12-11,https://www.sanchez.com/,False,,,2026-04-18T00:18:17.122888,2026-04-18T00:18:17.122888,c7e8e939-5dd2-4d4a-ad49-a008b1369633,4bafba30-285d-464e-9b5c-8d2d243e3032
fbda89dd-7680-4aff-ba55-7eb9959dda40,8ab84267-86c3-4af9-b0b1-33b62aea5854,Electrical,LIC-64088,TN,2029-01-20,https://clarke-holden.com/,True,ff8ab3a9-9f74-480f-b04d-f654868d233d,2025-09-10,2026-04-18T00:18:17.123143,2026-04-18T00:18:17.123144,8d9edddf-74d3-4ae9-809c-9f8cd355083c,961d83ad-b3d0-42fb-98f6-ae61ef8297d9
a58ada3e-ee48-48ce-ae54-dca849af159d,7eb1b51f-40f2-42a5-8cf4-17d9d00fb3ef,Electrical,LIC-67190,MS,2028-08-10,http://www.baxter.org/,False,,,2026-04-18T00:18:17.123287,2026-04-18T00:18:17.123287,362c277b-759a-4b6e-9de5-e10d2b2f79a9,b4d88f41-715e-492c-a29c-edcde3810d2e
b5e96df3-76d8-4f27-b1ef-06b5208500ee,7eb1b51f-40f2-42a5-8cf4-17d9d00fb3ef,Plumbing,LIC-59474,MI,2027-10-30,http://www.sampson.com/,True,ff8ab3a9-9f74-480f-b04d-f654868d233d,2025-05-21,2026-04-18T00:18:17.123454,2026-04-18T00:18:17.123455,90efbaa6-e471-4426-a83b-b00e8db2c731,bbbcece4-61c1-4248-8f93-ed5769b61bec
eaa1f585-0851-42dd-8a5c-a053b63119ef,7eb1b51f-40f2-42a5-8cf4-17d9d00fb3ef,Electrical,LIC-80095,AL,2028-02-27,http://www.rojas.info/,False,,,2026-04-18T00:18:17.123615,2026-04-18T00:18:17.123615,481efff2-c0e0-48d4-b7a5-9e1fd985a29b,022793e3-ab19-40c0-a722-2b66f4c29e37
1a580ffd-fa80-45d8-a65a-d0a864ee4700,38607ba1-5288-407c-9079-1dabc75d53ee,Electrical,LIC-04324,AK,2028-09-17,http://clark.com/,False,,,2026-04-18T00:18:17.123763,2026-04-18T00:18:17.123764,5a99ba78-ff32-421d-b9a5-498fbc441fff,4be0704e-41a0-43da-966e-95e0e9eb5730
b42e1290-d79b-44fa-b469-fd430854850f,38607ba1-5288-407c-9079-1dabc75d53ee,General,LIC-44679,ID,2026-10-06,https://goodwin.com/,False,,,2026-04-18T00:18:17.123907,2026-04-18T00:18:17.123908,e546b997-b515-44ec-a3b0-dcac6bd85d59,acd42a42-6ce7-4bff-99b2-18984c0c358f
b1ea487e-7aff-48f9-93eb-b676bfac3c5e,38607ba1-5288-407c-9079-1dabc75d53ee,HVAC,LIC-03074,WI,2027-10-16,http://www.callahan.com/,False,,,2026-04-18T00:18:17.124050,2026-04-18T00:18:17.124051,34beb75e-e291-4dcc-ad3b-6de12b4d6406,cba24e4f-60e8-42a3-a322-bffd0eebe501
be13bddf-2087-4c04-900e-74e5db209b79,fcb3d2b2-076a-4d03-b328-b4d7e160b8f1,Electrical,LIC-12675,NM,2027-11-09,http://medina-gonzales.com/,True,358ccac6-4a54-4a0d-9e71-dfd3f29f00b1,2026-01-20,2026-04-18T00:18:17.124292,2026-04-18T00:18:17.124293,f713905f-bf43-49d3-935a-11740a5067e2,cff84a4b-59d0-404b-b4ee-e7c97baabd39
2e3abdb4-6b52-44d8-a0cc-ae6e32b7cfcc,fcb3d2b2-076a-4d03-b328-b4d7e160b8f1,HVAC,LIC-43288,GU,2028-08-04,https://stewart.com/,False,,,2026-04-18T00:18:17.124579,2026-04-18T00:18:17.124579,f23dd3a1-40e7-4758-84fd-7383c1425830,b40b9878-4ec7-4f0b-98d0-bd0c53b4b88f
1f081d6b-0a41-4969-9a5a-2f4fdc197850,0a6a00c5-6b0a-43b2-9836-ad264a277437,Plumbing,LIC-89101,WV,2028-04-08,http://garrett-cannon.info/,False,,,2026-04-18T00:18:17.124789,2026-04-18T00:18:17.124790,a8466140-151e-4167-a6ea-f2f02d2cedf8,5eb7504b-8d65-412f-8a76-dc4436dee405
6aae1555-e07f-4aca-aabb-831bceeb9156,8d28cea5-cfac-4050-af89-f70904c4d056,Electrical,LIC-16822,NE,2029-01-18,http://kaiser.info/,False,,,2026-04-18T00:18:17.124980,2026-04-18T00:18:17.124981,bc8a6e9d-66da-441e-8b59-a8cabf6f0fb9,142c46bb-671e-496d-b88f-9b8a09bf08ba
719c3fa7-8ba6-4d83-86bd-9e5439b8f1d9,8d28cea5-cfac-4050-af89-f70904c4d056,Plumbing,LIC-45343,NV,2026-09-11,https://miller-schultz.biz/,True,8707e039-924c-40fd-9bd9-f62a7a7cbb9d,2025-08-23,2026-04-18T00:18:17.125233,2026-04-18T00:18:17.125234,ab0a144d-664c-4044-a83e-df07878ccacd,aaf8bcb5-a57d-4186-90ab-e342614cdc78
4784f6eb-d242-4c2e-ac89-9b52fae830b9,f0224412-ed00-4ca5-831e-aa82471fdc0d,HVAC,LIC-51417,SC,2026-10-01,https://www.gallagher-stewart.biz/,False,,,2026-04-18T00:18:17.125450,2026-04-18T00:18:17.125450,e93605b0-a800-4356-a5cf-88a3d3b5ef0f,a722c2dd-3514-48e3-a989-d5f79c8360ef
6bbb3d75-0db8-4165-9aca-c7f2d4e7c302,f0224412-ed00-4ca5-831e-aa82471fdc0d,Plumbing,LIC-95068,CA,2026-07-23,http://www.levy.net/,True,01085f56-5713-4a44-af99-0b93f4235903,2025-10-30,2026-04-18T00:18:17.125757,2026-04-18T00:18:17.125758,91cb4e6a-bab0-4c06-b0ff-018f9fba57df,160c5d03-ac65-4eda-8694-9ef8436db27e
ab193462-ca3d-4fe6-96fe-743181ca8849,f0224412-ed00-4ca5-831e-aa82471fdc0d,General,LIC-87899,MS,2027-07-03,http://gallegos-estrada.com/,False,,,2026-04-18T00:18:17.125968,2026-04-18T00:18:17.125969,7b1af688-f147-4080-a294-b07ac97e083b,2b8cec8e-90e5-496d-8685-36a77fc427b8
00c40e05-ed66-4f44-b6e9-7a31e2c4ecf9,3bd40459-e4c3-4dcc-bcd6-62d2f77fca0f,General,LIC-69746,KY,2027-01-25,https://www.johnson.com/,True,74dc6751-5250-464a-9f9b-a4faa8f05be6,2025-09-27,2026-04-18T00:18:17.126137,2026-04-18T00:18:17.126137,5758e907-4a91-4135-b84c-5eff9b24b504,94fd3171-da2e-4806-8a47-15739f0b00ff
c74d1d0a-816c-42f5-bc5f-885128c7fb95,3bd40459-e4c3-4dcc-bcd6-62d2f77fca0f,HVAC,LIC-91050,VT,2028-02-27,http://www.maldonado.org/,False,,,2026-04-18T00:18:17.126421,2026-04-18T00:18:17.126422,92939795-660e-4191-be22-935df6a76b78,c26261fb-5d7e-40b9-9ada-239f244c51a0
05cc6d0a-da4d-4597-9a02-9fb887cd4f4c,d7bf6aa1-866b-4d44-88a0-2a31a88f163c,HVAC,LIC-97186,NV,2027-05-20,https://rogers.com/,True,01085f56-5713-4a44-af99-0b93f4235903,2025-05-04,2026-04-18T00:18:17.126728,2026-04-18T00:18:17.126729,8f51a8ca-6fcc-4519-a190-e80fcce4964c,bc1538d9-bc55-40f6-85ac-10f9d18c75fd
2f34a304-b792-4b65-b361-65fa3c2e2cf6,3361207e-fcb9-4511-94b9-d5c4209173f1,Plumbing,LIC-58890,MS,2026-06-15,https://watkins-johnson.biz/,False,,,2026-04-18T00:18:17.126943,2026-04-18T00:18:17.126943,32774f5c-9042-4bd8-acba-9fa2509e76cd,f65f9e54-b329-46cc-b99d-e4a789bb05a7
e4269b49-53d5-4d04-af4c-a2328d681c92,3361207e-fcb9-4511-94b9-d5c4209173f1,HVAC,LIC-45974,MP,2028-06-20,http://www.garcia.com/,False,,,2026-04-18T00:18:17.127122,2026-04-18T00:18:17.127123,89fa473c-5ec2-44bd-ab5b-d15c2a07ea03,ffbb8da5-f9e5-493f-b510-32213d7075ee
bc021e63-7171-4385-8c3f-31470e775e7b,f4a09539-ddd4-4baa-95f7-d374d3563858,HVAC,LIC-58731,PR,2028-05-14,http://jones.net/,False,,,2026-04-18T00:18:17.127273,2026-04-18T00:18:17.127273,9a70232a-2f6a-43a1-9631-e6ba36089158,ff21af3c-b490-4345-9292-892f2d16a9dc
f1f9b9c1-d5f8-4a61-8d2e-3a446242c9ac,2ff3492f-291e-4c67-b86e-47a653175749,Electrical,LIC-64219,DC,2027-10-08,http://collins-padilla.com/,False,,,2026-04-18T00:18:17.127486,2026-04-18T00:18:17.127486,481efff2-c0e0-48d4-b7a5-9e1fd985a29b,f98125bd-9130-498f-928f-ab849fab9cc3
440f4f22-33c3-4df3-b6f5-4c5230bdc41f,2ff3492f-291e-4c67-b86e-47a653175749,Plumbing,LIC-46950,LA,2026-08-30,https://www.harris.com/,True,8707e039-924c-40fd-9bd9-f62a7a7cbb9d,2026-03-28,2026-04-18T00:18:17.127874,2026-04-18T00:18:17.127875,022793e3-ab19-40c0-a722-2b66f4c29e37,2fbefed3-5247-4dbc-8ddc-5f207a14dca6
