id,user_id,vendor_id,role,created_at,updated_at,created_by,updated_by
4a3f5aca-9931-4c1e-bcd9-27d741f65d48,5fb10a82-99f1-4e9e-a277-2fbdfb2a3037,4851c453-cc2f-41cf-a138-eb4d49b84547,user,2025-08-02T10:17:45,2026-04-07T10:43:07.897458,834e6204-aac3-4564-9ae1-5fa313c71bba,834e6204-aac3-4564-9ae1-5fa313c71bba
dfc2f435-7834-4587-bf8a-0d368a1984a6,743ae3f5-705a-4672-82e1-2f1406e835da,272a82ce-913a-48df-b4ec-2c85f20a0994,user,2025-10-03T05:06:21,2026-04-07T10:43:07.897483,f01cd5b1-2c46-4c2f-b516-b3c6db31d71a,f01cd5b1-2c46-4c2f-b516-b3c6db31d71a
39be922c-d53e-492f-bcd7-683fccbf2169,ce9dc16a-67a8-45ae-92ac-eaf2233c3811,2155d1b8-bf6c-417b-88cf-531610c1bc0b,manager,2025-04-15T23:32:59,2026-04-07T10:43:07.897501,6224e910-1eed-4a20-ac05-273a5d645e9a,6224e910-1eed-4a20-ac05-273a5d645e9a
900a35fc-44a3-433b-bf5f-74a07214e1dd,a5110c40-9151-4d9e-ac43-94965c2590ea,2155d1b8-bf6c-417b-88cf-531610c1bc0b,user,2026-01-09T09:13:16,2026-04-07T10:43:07.897517,0e4704a8-a922-4c65-800b-b32e91910328,0e4704a8-a922-4c65-800b-b32e91910328
b22e8908-123c-467f-b1fc-d4206b232f04,6bcd90dc-967b-439e-8b8d-658fc2bb4965,f6169088-cc06-4c9c-ac65-81bf7614989b,manager,2025-06-18T13:27:56,2026-04-07T10:43:07.897532,8b31a8f5-52ec-4e17-9b00-0c966b25a65c,8b31a8f5-52ec-4e17-9b00-0c966b25a65c
484d17bb-809d-4b1b-ae01-f9110f8a2ebe,7410bdc1-cc36-4229-9b8a-39c140b76563,bea4014f-48bc-4afa-a892-b3c0adb2aa33,user,2025-12-27T23:24:46,2026-04-07T10:43:07.897548,c8f914a0-07d7-4938-9fbc-1e0dd145991c,c8f914a0-07d7-4938-9fbc-1e0dd145991c
8c5edc58-e65e-49c7-aa34-f0f3a5d82460,ee457db7-e849-4e6a-800d-db409e848550,272a82ce-913a-48df-b4ec-2c85f20a0994,user,2025-11-05T14:40:24,2026-04-07T10:43:07.897563,c22e4c1c-3639-4899-b12d-34f3bef14164,c22e4c1c-3639-4899-b12d-34f3bef14164
d1ae4428-c382-4833-80e7-01d93cf19f1e,b23230a7-8cab-4798-979e-7ab5dcb3f84d,bb677a64-0cf1-42f0-8662-c1ad2443a1e0,user,2025-11-22T12:38:58,2026-04-07T10:43:07.897577,814faee6-d4a0-46bb-a4c1-7e1e810fb9da,814faee6-d4a0-46bb-a4c1-7e1e810fb9da
e4708813-abd5-44c0-b5b2-3cb3cbb3c284,75403833-415f-4726-8df3-c11606037ce6,2155d1b8-bf6c-417b-88cf-531610c1bc0b,user,2025-07-12T06:44:52,2026-04-07T10:43:07.897592,b60337aa-ebf6-439f-b526-3256e8c7c6f5,b60337aa-ebf6-439f-b526-3256e8c7c6f5
452268e8-e2a0-4a37-958e-8e1a9708f1da,909e48da-0646-49e7-a868-71cb241f5f8e,b1af2404-1078-47e7-af2e-a4e2be043b5e,user,2025-06-27T09:58:03,2026-04-07T10:43:07.897608,56b32cb1-baf3-4607-bb8d-1e8037b63676,56b32cb1-baf3-4607-bb8d-1e8037b63676
993f99a2-dfe8-4d26-91bf-f7a2aba293d3,ad5cc33f-89cd-4fd7-b59a-df16c178d3cd,f6169088-cc06-4c9c-ac65-81bf7614989b,user,2026-01-11T17:13:01,2026-04-07T10:43:07.897623,a964eac2-5cdf-4ff4-a9ea-2572ac6fdebc,a964eac2-5cdf-4ff4-a9ea-2572ac6fdebc
5e4b8d99-8e8a-410a-9477-f15ea102e66a,2aa7095f-2cb4-43d7-954e-078db2500205,bea4014f-48bc-4afa-a892-b3c0adb2aa33,user,2025-05-15T10:58:09,2026-04-07T10:43:07.897638,cc4af87a-c204-45ad-9774-aa033f36e919,cc4af87a-c204-45ad-9774-aa033f36e919
effeaeef-a9ad-4226-9846-be7a312fd755,ecd77710-b9ab-4940-b36b-4c465d67ffba,bea4014f-48bc-4afa-a892-b3c0adb2aa33,user,2025-08-04T14:23:45,2026-04-07T10:43:07.897653,636de829-16e0-4679-9d08-ec261160fa6f,636de829-16e0-4679-9d08-ec261160fa6f
92470b54-07a0-4116-9fb5-c538cffad731,58510134-e33b-4443-a0c8-89fb9684dfdb,4851c453-cc2f-41cf-a138-eb4d49b84547,user,2025-06-20T15:34:29,2026-04-07T10:43:07.897668,1d922e73-daf0-4dd4-8057-7bef5df995c5,1d922e73-daf0-4dd4-8057-7bef5df995c5
2588cce0-d1f5-4e9c-b8e9-e5f6a683ddd3,ad80e577-616e-47b4-9109-e5bb68ed7342,272a82ce-913a-48df-b4ec-2c85f20a0994,user,2025-07-28T07:56:48,2026-04-07T10:43:07.897683,7179bd13-58c0-4245-821f-a65e16b4ac6b,7179bd13-58c0-4245-821f-a65e16b4ac6b
7583269c-9e49-42a2-9b7c-c61433c808f6,c0becc71-c666-4307-8408-558d06c487a9,b1af2404-1078-47e7-af2e-a4e2be043b5e,user,2025-05-16T09:23:43,2026-04-07T10:43:07.897697,02422277-434d-42a3-8fa4-1e123b987912,02422277-434d-42a3-8fa4-1e123b987912
cbc1f904-2df3-4d71-926b-b7a3dc65e5fa,1f7578e7-f05f-4f49-88d3-6e2810797c8a,f6169088-cc06-4c9c-ac65-81bf7614989b,manager,2025-12-28T20:55:00,2026-04-07T10:43:07.897712,3f4aef6f-e551-44a9-b97d-9e12ab8e261f,3f4aef6f-e551-44a9-b97d-9e12ab8e261f
41c8cd35-6519-42d4-a47b-c2f7069578a6,4a71e665-2088-4ca5-a835-3fce7e610f4c,739ed2bf-6237-4665-b46f-ef4f80e0679b,user,2026-01-04T15:25:33,2026-04-07T10:43:07.897728,80b76148-f8a2-4373-8e52-5d705925e409,80b76148-f8a2-4373-8e52-5d705925e409
cda9160b-c92b-40ac-9fa2-1f5f1409a67e,cd84ed5a-122a-40cc-840e-d31fdd256d88,f6169088-cc06-4c9c-ac65-81bf7614989b,user,2025-10-17T05:16:22,2026-04-07T10:43:07.897742,0819226f-173e-405f-b24e-01052d75f469,0819226f-173e-405f-b24e-01052d75f469
f39ddd6f-b3a2-40d3-95bd-3b8723ddc857,aea4faff-54e3-437b-ba93-2dadb12e99c0,bea4014f-48bc-4afa-a892-b3c0adb2aa33,user,2025-08-20T00:30:16,2026-04-07T10:43:07.897757,436eeacb-841e-4f4c-8c2a-74e341f5fd3d,436eeacb-841e-4f4c-8c2a-74e341f5fd3d
8d7f9df2-d8fb-4174-bd9e-7a5cdcdfcb63,0e560664-768f-48ae-99e3-e5f40e59f26d,f6169088-cc06-4c9c-ac65-81bf7614989b,user,2026-01-17T19:57:08,2026-04-07T10:43:07.897771,116f2bb2-34eb-4c73-90d4-e6e3ca640947,116f2bb2-34eb-4c73-90d4-e6e3ca640947
7224b723-0dd8-408e-b950-9dfc7df57b10,3a6abcec-b623-46ed-a7c4-c95501a8424c,2155d1b8-bf6c-417b-88cf-531610c1bc0b,user,2026-02-22T18:17:37,2026-04-07T10:43:07.897786,fa75767d-f504-4b37-8fe8-59326645667a,fa75767d-f504-4b37-8fe8-59326645667a
f913ce15-fd52-493b-b123-c88529d61d09,6936c3c9-5c24-4565-b8cf-ffce09f7f22f,b1af2404-1078-47e7-af2e-a4e2be043b5e,user,2025-06-13T00:27:42,2026-04-07T10:43:07.897800,dc76684a-bcc3-4a02-8ef2-efc87b7598fc,dc76684a-bcc3-4a02-8ef2-efc87b7598fc
09475149-0ca5-49ed-b303-76cd1bb86a22,2f2319a3-c734-4f30-819a-bd068fc1309b,bea4014f-48bc-4afa-a892-b3c0adb2aa33,user,2025-09-21T16:31:16,2026-04-07T10:43:07.897815,d9d675d1-8d52-4f44-9de1-3992132c055b,d9d675d1-8d52-4f44-9de1-3992132c055b
4ecf846e-86d1-478b-9a2c-7fc0aa490e44,f8df1994-a44d-4485-b318-275cd9ec5377,2155d1b8-bf6c-417b-88cf-531610c1bc0b,manager,2025-06-09T00:24:58,2026-04-07T10:43:07.897829,dc5b7c78-5551-4601-88e5-c4b896b18db9,dc5b7c78-5551-4601-88e5-c4b896b18db9
940e1911-7789-46c3-a3e2-7f8b75f5c897,9b963785-331e-4452-9f17-b3a447f11bf5,4851c453-cc2f-41cf-a138-eb4d49b84547,manager,2025-12-10T00:58:26,2026-04-07T10:43:07.897845,7c3addcb-7edb-4a06-94fb-66bd93a2949f,7c3addcb-7edb-4a06-94fb-66bd93a2949f
64148d31-b9bd-4a65-b1c2-1618cf5a427b,601383f8-270d-4000-af25-d9a0b63194c5,2155d1b8-bf6c-417b-88cf-531610c1bc0b,user,2025-08-03T00:01:22,2026-04-07T10:43:07.897859,1f8a9fe9-37aa-4e9f-9f4b-2596f12dadc8,1f8a9fe9-37aa-4e9f-9f4b-2596f12dadc8
c76a1a35-4ce2-4bbf-9097-b26d8f83ca23,0c2a178c-29f8-4735-9a5d-2452743d2391,b1af2404-1078-47e7-af2e-a4e2be043b5e,admin,2025-06-03T16:28:22,2026-04-07T10:43:07.897874,59785a34-cf22-45a5-b391-0981a85b9e7e,59785a34-cf22-45a5-b391-0981a85b9e7e
4b36a3b4-27f5-4500-b41d-3de7902b86b2,45eea293-92b3-41c5-9fc0-b146abd86a44,bb677a64-0cf1-42f0-8662-c1ad2443a1e0,user,2025-10-06T11:58:28,2026-04-07T10:43:07.897890,ebdd1dd9-54c0-4a99-ae32-55e2159d7d6e,ebdd1dd9-54c0-4a99-ae32-55e2159d7d6e
1f910658-30bd-47a0-a23c-b482f2bf15fc,255862b4-f465-44d7-815a-cb698f792f67,4851c453-cc2f-41cf-a138-eb4d49b84547,admin,2025-06-25T21:24:29,2026-04-07T10:43:07.897904,dc3da9ba-b2c4-4fdf-808b-dae1611bb636,dc3da9ba-b2c4-4fdf-808b-dae1611bb636
c4e18306-1127-4de5-aa24-182d28f831dd,bf054790-c5e4-434e-abd5-d75159b8f0fe,bea4014f-48bc-4afa-a892-b3c0adb2aa33,user,2025-05-15T14:43:19,2026-04-07T10:43:07.897920,ee457db7-e849-4e6a-800d-db409e848550,ee457db7-e849-4e6a-800d-db409e848550
85965c37-0016-45c5-9a0a-55c7f24f05f9,81580292-0aba-4cab-bca8-a2517714f4e9,99d37a94-dff8-4a1a-9144-2ed3c16fd181,manager,2025-10-29T14:22:01,2026-04-07T10:43:07.897934,2d96da39-08e0-4d29-b888-f4ff5807e870,2d96da39-08e0-4d29-b888-f4ff5807e870
bfe3f489-6a00-405e-b8e2-7d8b57f07ddd,c1835b13-509d-41a8-89cd-34d8f5df4045,99d37a94-dff8-4a1a-9144-2ed3c16fd181,user,2026-02-10T07:10:11,2026-04-07T10:43:07.897948,226b8853-1361-45fe-8447-c4db26928b6f,226b8853-1361-45fe-8447-c4db26928b6f
c2be4ee6-e535-4fb8-a8dc-96edd8bd69b8,1d922e73-daf0-4dd4-8057-7bef5df995c5,272a82ce-913a-48df-b4ec-2c85f20a0994,user,2026-01-07T17:25:37,2026-04-07T10:43:07.897963,b71d1610-6036-45ed-9472-f0967a57795e,b71d1610-6036-45ed-9472-f0967a57795e
28e1bf81-7b51-4c5a-8012-c5f09bc7b48a,6e247b9a-9357-4cd4-a9d8-ab028035214c,4851c453-cc2f-41cf-a138-eb4d49b84547,manager,2026-03-24T13:06:36,2026-04-07T10:43:07.897978,033f7046-caa5-4594-aaeb-b677bf00af97,033f7046-caa5-4594-aaeb-b677bf00af97
8c0901f1-46b8-43e6-aea1-009b3dc6f8fc,519c8d9c-249d-440e-8801-70703b3b2f5f,b1af2404-1078-47e7-af2e-a4e2be043b5e,manager,2025-04-29T23:30:01,2026-04-07T10:43:07.897993,62a7dca0-1dc4-41d6-860c-95521df7fa9c,62a7dca0-1dc4-41d6-860c-95521df7fa9c
255c9d75-4cae-49b7-8ccd-5c2385193866,9887ebcf-f426-46e1-8b54-d83f78c15089,0b4da9c3-c7eb-4440-9931-31f1d9165817,user,2026-02-18T16:51:00,2026-04-07T10:43:07.898007,a1ac6e5a-561a-42b8-a7fc-774adc7068e7,a1ac6e5a-561a-42b8-a7fc-774adc7068e7
4f21e184-94ad-4ba1-b84d-25b24cd47b7b,a964eac2-5cdf-4ff4-a9ea-2572ac6fdebc,99d37a94-dff8-4a1a-9144-2ed3c16fd181,user,2025-10-31T12:24:38,2026-04-07T10:43:07.898022,271cbf7b-ca38-43d6-8d1f-e8f4428fb9b1,271cbf7b-ca38-43d6-8d1f-e8f4428fb9b1
f99bf49f-d16b-4bb8-b1df-b0862b5be474,36bddeb8-2634-4446-88c8-6866e01027cf,b1af2404-1078-47e7-af2e-a4e2be043b5e,user,2025-04-23T23:41:18,2026-04-07T10:43:07.898037,58e3867e-0f7c-441e-813d-f1a4777ff787,58e3867e-0f7c-441e-813d-f1a4777ff787
fd88a4f6-7e19-4a8e-8773-78bfed392bc6,672c9328-01b4-4ae2-a0be-bc2231944ef7,2155d1b8-bf6c-417b-88cf-531610c1bc0b,user,2026-03-28T17:12:01,2026-04-07T10:43:07.898051,f01cd5b1-2c46-4c2f-b516-b3c6db31d71a,f01cd5b1-2c46-4c2f-b516-b3c6db31d71a
eb9bc1bf-a3eb-4159-8ed6-f572a6f7d717,44e3002c-233c-4b66-990a-5f34eb8a340a,99d37a94-dff8-4a1a-9144-2ed3c16fd181,user,2025-05-02T14:30:01,2026-04-07T10:43:07.898066,5be0b7fb-7f6c-4d1e-b8fe-0a29190a72a7,5be0b7fb-7f6c-4d1e-b8fe-0a29190a72a7
03945c30-39be-44ce-9616-8eeb19c3963b,1daa5d35-82d5-4e8a-bbf9-e7882fce903b,739ed2bf-6237-4665-b46f-ef4f80e0679b,user,2026-03-03T14:05:37,2026-04-07T10:43:07.898080,d6a033b2-bac0-4a42-b82a-fe2bf5810144,d6a033b2-bac0-4a42-b82a-fe2bf5810144
bdc355b7-c100-45c2-925f-aeae81312789,cd8f5b96-4a05-4cd9-8dc8-e52563031498,739ed2bf-6237-4665-b46f-ef4f80e0679b,user,2025-12-29T04:17:43,2026-04-07T10:43:07.898095,abecbe2d-bb9b-4dbe-89b3-e89fa5e69748,abecbe2d-bb9b-4dbe-89b3-e89fa5e69748
2541b6da-12ae-4fe0-b924-e120d8af939c,a7924a18-e982-4bd4-a69f-c9a3c381fdfd,99d37a94-dff8-4a1a-9144-2ed3c16fd181,user,2025-08-31T12:52:05,2026-04-07T10:43:07.898110,46144e74-fd3a-4aee-9888-e6a6af203ef1,46144e74-fd3a-4aee-9888-e6a6af203ef1
b152d46d-6c2a-490c-a735-b34956dc3754,5ec62b2e-98d9-4cee-b495-333b78a2ed34,2155d1b8-bf6c-417b-88cf-531610c1bc0b,user,2026-03-14T12:17:28,2026-04-07T10:43:07.898124,8d93e2a9-c1ec-47e6-a28d-ce1aad0fb9d5,8d93e2a9-c1ec-47e6-a28d-ce1aad0fb9d5
06a8c4c3-df68-4d9d-8d87-fc96eec0a811,1521d09f-3796-4715-83c6-bd02931d7c4f,b1af2404-1078-47e7-af2e-a4e2be043b5e,user,2025-05-25T08:46:53,2026-04-07T10:43:07.898138,dc2a471c-66a0-4319-946b-828eede36aee,dc2a471c-66a0-4319-946b-828eede36aee
0b9cece5-7d44-4545-a6a5-ef158c633760,2c68c83b-7ea5-438d-b488-30f9bbd6c331,739ed2bf-6237-4665-b46f-ef4f80e0679b,user,2025-04-26T04:11:04,2026-04-07T10:43:07.898152,a964eac2-5cdf-4ff4-a9ea-2572ac6fdebc,a964eac2-5cdf-4ff4-a9ea-2572ac6fdebc
a0020e62-e0ee-435b-a02f-27776b4157af,72490a32-eb4c-4bd0-8923-494107d2c9c3,739ed2bf-6237-4665-b46f-ef4f80e0679b,user,2025-07-05T01:57:13,2026-04-07T10:43:07.898168,3dd22489-4c11-4310-94c4-e84d39115162,3dd22489-4c11-4310-94c4-e84d39115162
bdb79cb9-b3a7-4d5b-965b-a679a488291a,6a64a876-d144-439c-a150-e7b6114c867e,2155d1b8-bf6c-417b-88cf-531610c1bc0b,user,2025-08-09T17:49:13,2026-04-07T10:43:07.898182,4c570c6e-bd64-4a18-a51c-ab5ad6210b61,4c570c6e-bd64-4a18-a51c-ab5ad6210b61
f60a2721-19aa-4fa4-94c9-b3f25c8f52ec,a4282072-5a2b-46ac-8e60-4d5c4a31e8f8,0b4da9c3-c7eb-4440-9931-31f1d9165817,user,2025-06-01T15:42:13,2026-04-07T10:43:07.898197,0e03201c-f6c1-4b1d-8400-d303919ca333,0e03201c-f6c1-4b1d-8400-d303919ca333
a9e32044-abc7-4b37-917c-4c4a3b8be406,76389741-012a-421e-a846-a94fc53ec7bd,f6169088-cc06-4c9c-ac65-81bf7614989b,user,2025-09-14T20:16:27,2026-04-07T10:43:07.898212,1a2a9e23-958f-45f5-8dd9-86416143f8af,1a2a9e23-958f-45f5-8dd9-86416143f8af
7167ac3c-27ca-4f27-9ac3-3d5a236c11ec,1c41c225-812b-44c7-ab0d-2ce88754bea7,4851c453-cc2f-41cf-a138-eb4d49b84547,user,2025-08-07T22:57:33,2026-04-07T10:43:07.898226,2911d7d3-ab7b-4ac8-9cb6-74301d8da990,2911d7d3-ab7b-4ac8-9cb6-74301d8da990
4d6c8b69-ad87-4f37-a9a6-491aea7f220c,b7caa003-06c7-40fa-a612-da46bf9cae2d,739ed2bf-6237-4665-b46f-ef4f80e0679b,user,2025-05-24T15:54:23,2026-04-07T10:43:07.898242,16303004-929d-4fda-b55e-671a6ba1d19b,16303004-929d-4fda-b55e-671a6ba1d19b
e2a0c7e9-790a-4647-899b-b9a772020327,55b65055-afba-4393-b00e-d35635073965,bea4014f-48bc-4afa-a892-b3c0adb2aa33,user,2025-04-10T15:40:34,2026-04-07T10:43:07.898256,f48c3e25-d564-4236-91b1-cac849b8bd11,f48c3e25-d564-4236-91b1-cac849b8bd11
676c40b6-612a-4672-9237-e4f0fef156d2,0b9e5cd4-7797-4500-8bcb-4782496d887c,99d37a94-dff8-4a1a-9144-2ed3c16fd181,user,2026-02-09T20:42:56,2026-04-07T10:43:07.898271,67150ff1-1d2f-4eb5-abde-86cd430e1e1c,67150ff1-1d2f-4eb5-abde-86cd430e1e1c
ed27f07b-0edc-4f79-9c57-91726b0d43a7,ebed5768-6660-4a80-ac06-04cf267ae59a,b1af2404-1078-47e7-af2e-a4e2be043b5e,user,2025-12-30T20:34:16,2026-04-07T10:43:07.898286,62a7dca0-1dc4-41d6-860c-95521df7fa9c,62a7dca0-1dc4-41d6-860c-95521df7fa9c
63242fef-7623-4ac4-b1bf-777464bfe3a8,dd9e70d5-1348-4bc0-ad82-510c5a75811c,f6169088-cc06-4c9c-ac65-81bf7614989b,user,2025-05-24T17:40:30,2026-04-07T10:43:07.898301,cc4af87a-c204-45ad-9774-aa033f36e919,cc4af87a-c204-45ad-9774-aa033f36e919
0556b89b-d3aa-48e8-81ba-b5e9df58a45f,4c7d118a-2b79-4df1-a452-cff63c45efb7,4851c453-cc2f-41cf-a138-eb4d49b84547,user,2025-11-12T13:01:12,2026-04-07T10:43:07.898316,ae379e7b-498e-4d28-aae3-436d6fc297d3,ae379e7b-498e-4d28-aae3-436d6fc297d3
9329bfab-ce0f-4e89-a3fe-0df413f63738,2a9d300f-d40a-4a1e-84f2-b6b3f7168cc4,99d37a94-dff8-4a1a-9144-2ed3c16fd181,manager,2025-10-31T01:14:03,2026-04-07T10:43:07.898330,794826ea-6872-48d2-8a67-c1beb9585ccf,794826ea-6872-48d2-8a67-c1beb9585ccf
e3f31d93-c8a0-4b45-b6ed-d192b8ecc90a,c9fd67ae-25d9-48e9-9602-66afb7e2f627,bea4014f-48bc-4afa-a892-b3c0adb2aa33,user,2025-06-25T13:32:22,2026-04-07T10:43:07.898344,a16630f4-6918-42a1-a6c2-cde433b951af,a16630f4-6918-42a1-a6c2-cde433b951af
c3e66a0f-c3ea-4a5f-8e49-1dc53106a60d,271cbf7b-ca38-43d6-8d1f-e8f4428fb9b1,2155d1b8-bf6c-417b-88cf-531610c1bc0b,user,2025-08-11T17:05:35,2026-04-07T10:43:07.898358,0a55954c-c84d-4153-94ee-86f93e433884,0a55954c-c84d-4153-94ee-86f93e433884
5f89c9b5-8e64-445d-95ce-be16a802f990,4866b68a-a6eb-4828-9cf9-71360e52d7ba,272a82ce-913a-48df-b4ec-2c85f20a0994,admin,2025-04-21T16:46:54,2026-04-07T10:43:07.898372,0923c6ca-3b05-491b-b4bd-7fd0df4a673a,0923c6ca-3b05-491b-b4bd-7fd0df4a673a
7fa7a624-4b18-4f46-b7e1-1cfa796c00aa,f8afbb25-abac-42c7-bd0f-ff7aa1d023b8,0b4da9c3-c7eb-4440-9931-31f1d9165817,user,2026-01-13T04:45:51,2026-04-07T10:43:07.898386,d7b11177-5bd8-4365-ac16-944d04900a4c,d7b11177-5bd8-4365-ac16-944d04900a4c
2d8a05d4-4e04-4864-841b-92a866e2ba24,89920fff-af6b-433d-b73f-058608ee65f5,bea4014f-48bc-4afa-a892-b3c0adb2aa33,user,2025-10-06T03:55:48,2026-04-07T10:43:07.898401,89690b5b-d035-4d32-9eff-56326d2c8c9a,89690b5b-d035-4d32-9eff-56326d2c8c9a
19b51c4c-171b-4c9b-b450-656b96552479,6f8e6bb6-ffb8-4208-98c1-bb68bcfe2b79,739ed2bf-6237-4665-b46f-ef4f80e0679b,user,2025-05-13T09:43:47,2026-04-07T10:43:07.898416,21f4eb7c-6909-42fa-92ab-5382e8aef0ba,21f4eb7c-6909-42fa-92ab-5382e8aef0ba
57ec55f9-4c09-47d6-8c6e-dad8b600a7d9,3fc6ba37-84de-4f50-938a-c407283d4f3f,2155d1b8-bf6c-417b-88cf-531610c1bc0b,user,2026-03-30T07:48:36,2026-04-07T10:43:07.898430,b23230a7-8cab-4798-979e-7ab5dcb3f84d,b23230a7-8cab-4798-979e-7ab5dcb3f84d
84a938ea-ee88-432a-9444-70d09af14371,a8093382-6cb4-47e3-8cc5-23b0acbfb71c,99d37a94-dff8-4a1a-9144-2ed3c16fd181,user,2025-10-23T11:35:23,2026-04-07T10:43:07.898444,55807a2e-caf9-4d1a-ae52-bd3256f9e0d7,55807a2e-caf9-4d1a-ae52-bd3256f9e0d7
660173fe-84c0-4a88-bf26-49d6078da39d,78e65a65-6d2c-4a51-a1bb-9cf3dd903027,f6169088-cc06-4c9c-ac65-81bf7614989b,user,2025-07-20T06:39:50,2026-04-07T10:43:07.898459,1c8eb2ed-75db-4d19-b3c9-f706add5138c,1c8eb2ed-75db-4d19-b3c9-f706add5138c
1d98fb0b-e47f-4a10-a56d-0458a66a687f,2414db82-fe11-4d65-96e5-4231ae93884c,739ed2bf-6237-4665-b46f-ef4f80e0679b,user,2025-07-30T13:37:43,2026-04-07T10:43:07.898473,38b3953f-ebe1-407d-9e97-8a7a48292300,38b3953f-ebe1-407d-9e97-8a7a48292300
69555013-6869-4d11-ac26-8f29fc458752,841ffe36-3d57-4ab7-ab3c-7e059b76d65f,739ed2bf-6237-4665-b46f-ef4f80e0679b,user,2026-02-25T17:45:52,2026-04-07T10:43:07.898487,0c220d15-3414-46a0-a212-5d6bc4b210d7,0c220d15-3414-46a0-a212-5d6bc4b210d7
1afc69f7-cdfa-4d08-b17b-78ca2f9ddca5,fe63cd9c-c75e-451a-937f-5513ef640ceb,99d37a94-dff8-4a1a-9144-2ed3c16fd181,user,2025-05-30T08:10:09,2026-04-07T10:43:07.898501,7dc0bc69-51f5-483a-916a-a50b9dfa8aa7,7dc0bc69-51f5-483a-916a-a50b9dfa8aa7
901dac03-7000-41e2-b925-c395b0633729,1caad907-7608-4e06-93a0-222d47fd3375,99d37a94-dff8-4a1a-9144-2ed3c16fd181,user,2025-05-02T02:08:58,2026-04-07T10:43:07.898515,bd621e67-ae7e-4e5d-a9d6-0e35b4d18f50,bd621e67-ae7e-4e5d-a9d6-0e35b4d18f50
d221cd2b-8c88-4605-8e36-500d5e1bfd39,aea365ef-ee70-4847-be2b-d6f85f2d4bf7,739ed2bf-6237-4665-b46f-ef4f80e0679b,user,2025-12-05T22:36:48,2026-04-07T10:43:07.898530,256c3adf-641d-48ae-aa31-2ceb7e9513c0,256c3adf-641d-48ae-aa31-2ceb7e9513c0
3fc76362-3471-420c-85f3-b43173d0e552,f8c26584-ea2e-4a83-9d00-5e7c6ceb6ba2,2155d1b8-bf6c-417b-88cf-531610c1bc0b,user,2025-12-22T03:54:26,2026-04-07T10:43:07.898544,909e48da-0646-49e7-a868-71cb241f5f8e,909e48da-0646-49e7-a868-71cb241f5f8e
8b650cda-92c2-45f9-8d91-7eb69dd74f1d,2099e3d8-b6e6-4192-b95a-b0e4eb201311,bea4014f-48bc-4afa-a892-b3c0adb2aa33,user,2025-10-27T18:12:24,2026-04-07T10:43:07.898559,cf3c3970-85f4-4a89-a293-88594e1ca709,cf3c3970-85f4-4a89-a293-88594e1ca709
4cc2a095-6c66-4d04-85b7-6d2b02b55d94,55ffa334-f60f-480d-87d8-b2a68c6bab71,f6169088-cc06-4c9c-ac65-81bf7614989b,user,2025-10-13T01:25:15,2026-04-07T10:43:07.898573,62e337dd-7d7b-42ed-973b-8b5732252f28,62e337dd-7d7b-42ed-973b-8b5732252f28
c31af82c-eea3-4c01-817d-7a5fff0d7493,42bf6c7e-08d0-42be-ae95-a01e72d5e9d8,b1af2404-1078-47e7-af2e-a4e2be043b5e,admin,2025-07-15T19:59:42,2026-04-07T10:43:07.898587,4bb82ec7-bab1-43a4-9312-139c5430cbc5,4bb82ec7-bab1-43a4-9312-139c5430cbc5
8e9702f9-686c-46af-8078-a4b0f31d45f1,c577d32f-7cd1-43e5-a046-ba358f315fa4,2155d1b8-bf6c-417b-88cf-531610c1bc0b,user,2026-03-07T08:02:27,2026-04-07T10:43:07.898602,78d9610d-893b-4c28-8c26-fe61d90a7409,78d9610d-893b-4c28-8c26-fe61d90a7409
cf3ea9e7-1043-46fb-b986-8a3c5a421ef3,2a44cd0f-40c7-45a0-aba9-941a814af0b5,4851c453-cc2f-41cf-a138-eb4d49b84547,manager,2025-08-23T12:08:50,2026-04-07T10:43:07.898616,a58baae4-91d0-413b-8322-b22117d91da8,a58baae4-91d0-413b-8322-b22117d91da8
5ae525e9-bb8c-44f8-a36f-f242b2525d26,654adc20-195d-4f3b-9578-966dcba79e7c,0b4da9c3-c7eb-4440-9931-31f1d9165817,user,2025-08-23T06:04:34,2026-04-07T10:43:07.898631,da57c79e-fcce-45e2-9145-60acdf72ba67,da57c79e-fcce-45e2-9145-60acdf72ba67
3f1677be-ccd2-40c8-875c-82e8b2f94c6d,58e3867e-0f7c-441e-813d-f1a4777ff787,739ed2bf-6237-4665-b46f-ef4f80e0679b,user,2026-03-09T16:27:14,2026-04-07T10:43:07.898646,809d25cc-c46a-44fd-8aa7-54567a36ad4a,809d25cc-c46a-44fd-8aa7-54567a36ad4a
d1d84634-c2e4-4664-8a7c-01f90968bea9,2ca54fb8-2518-4872-9713-24ca41aa8d54,f6169088-cc06-4c9c-ac65-81bf7614989b,user,2025-11-13T05:04:50,2026-04-07T10:43:07.898660,aa557695-5541-4e42-a628-d02f0aa74347,aa557695-5541-4e42-a628-d02f0aa74347
d50af504-cecc-4939-b47c-a1f9323c96d9,46144e74-fd3a-4aee-9888-e6a6af203ef1,739ed2bf-6237-4665-b46f-ef4f80e0679b,user,2025-11-03T19:49:18,2026-04-07T10:43:07.898675,fb50e3e0-bf92-4032-b1a7-d2cb5b9b5f78,fb50e3e0-bf92-4032-b1a7-d2cb5b9b5f78
79d0e7f1-88d8-461a-aecf-3bd6c65d673a,a0b2e5d5-eccf-4d05-9df1-9fd49f03e443,2155d1b8-bf6c-417b-88cf-531610c1bc0b,admin,2026-04-04T03:28:38,2026-04-07T10:43:07.898689,0e7103fd-a747-4908-9c19-77163d0e4824,0e7103fd-a747-4908-9c19-77163d0e4824
6132d953-4744-419b-a5c1-9bd85126b0dd,add4847c-c94f-482f-91b2-f8c2ec6d53d3,bb677a64-0cf1-42f0-8662-c1ad2443a1e0,user,2025-12-24T23:09:42,2026-04-07T10:43:07.898704,0f7fe291-8c13-47ba-b2f3-05ab581ac4e8,0f7fe291-8c13-47ba-b2f3-05ab581ac4e8
cf75f55d-fd1c-4afb-b70d-536c3d4ec144,c24fd979-7911-4c67-9f0c-c881596e3356,f6169088-cc06-4c9c-ac65-81bf7614989b,user,2026-04-04T16:39:32,2026-04-07T10:43:07.898718,2402ba1a-b329-40db-aec6-a1e94af802e4,2402ba1a-b329-40db-aec6-a1e94af802e4
ee1283f4-bc83-476d-8b17-eede788c261e,1cfb7234-aa98-4027-815c-5e4260356b06,99d37a94-dff8-4a1a-9144-2ed3c16fd181,user,2025-12-01T07:14:48,2026-04-07T10:43:07.898733,3a87f8d0-ad8c-45a2-a15f-d5640aa79a43,3a87f8d0-ad8c-45a2-a15f-d5640aa79a43
d5cc0389-b69a-4a4f-98be-b6800f7679b6,9303d961-5c8c-43d7-aafc-23d2dc3018f9,272a82ce-913a-48df-b4ec-2c85f20a0994,admin,2026-03-04T15:26:16,2026-04-07T10:43:07.898748,ab7cfb2e-85bb-43cd-bcb1-f3fc769d8f11,ab7cfb2e-85bb-43cd-bcb1-f3fc769d8f11
a41a048f-13d7-4422-9602-f93f09c7e40d,97557475-7717-4c20-b19c-5be596fc6b43,bb677a64-0cf1-42f0-8662-c1ad2443a1e0,user,2025-05-06T22:35:46,2026-04-07T10:43:07.898763,c8f914a0-07d7-4938-9fbc-1e0dd145991c,c8f914a0-07d7-4938-9fbc-1e0dd145991c
99156841-1133-447c-98e6-5e5a685258f0,bf9eba37-e532-4b1b-ac0d-0bcceba69620,99d37a94-dff8-4a1a-9144-2ed3c16fd181,user,2025-07-31T08:21:09,2026-04-07T10:43:07.898778,641382a3-99cc-4311-8ae9-bb4e85a7c7f0,641382a3-99cc-4311-8ae9-bb4e85a7c7f0
59d50b9a-788f-4b5a-98fd-380185c56b15,30dffb84-1c4b-4a25-9e65-5310ad6922eb,4851c453-cc2f-41cf-a138-eb4d49b84547,user,2026-03-05T13:03:25,2026-04-07T10:43:07.898793,6052c6c7-c454-4a3b-ab1c-431ba9a14cc7,6052c6c7-c454-4a3b-ab1c-431ba9a14cc7
65b04c5e-e62e-4545-a58d-549eaad14279,119c1aeb-744a-4ecc-aa2b-3bdcf5426c96,bea4014f-48bc-4afa-a892-b3c0adb2aa33,user,2026-03-08T11:19:56,2026-04-07T10:43:07.898807,116f2bb2-34eb-4c73-90d4-e6e3ca640947,116f2bb2-34eb-4c73-90d4-e6e3ca640947
535d12c2-2f72-4ca5-8f74-105db32840f7,deacd2bc-f07e-40c8-aba5-968e79ce43aa,f6169088-cc06-4c9c-ac65-81bf7614989b,user,2025-12-22T09:46:07,2026-04-07T10:43:07.898821,5cfa7019-dc33-4a2c-8eba-b2bc0d820c50,5cfa7019-dc33-4a2c-8eba-b2bc0d820c50
8b272277-9808-467e-9b49-652fe0b60b36,3f4aef6f-e551-44a9-b97d-9e12ab8e261f,f6169088-cc06-4c9c-ac65-81bf7614989b,user,2025-07-25T18:29:10,2026-04-07T10:43:07.898836,d99c06be-61a4-4e62-b686-da750c57609c,d99c06be-61a4-4e62-b686-da750c57609c
5a2a343a-3fed-4aff-8c8c-50502f402ae8,652b7e33-b140-43a3-86f0-b5efb7c23ce8,4851c453-cc2f-41cf-a138-eb4d49b84547,manager,2025-09-12T05:14:47,2026-04-07T10:43:07.898850,c0814602-0014-4025-84a9-6e10ee61fed9,c0814602-0014-4025-84a9-6e10ee61fed9
ea835ed4-10b6-4915-a8b9-3352dddbe81f,2a8d93da-2489-425b-9efc-b7ca5c3ad219,272a82ce-913a-48df-b4ec-2c85f20a0994,admin,2026-01-05T12:33:59,2026-04-07T10:43:07.898866,109ca0c6-27be-4e5d-be4a-d589327eac36,109ca0c6-27be-4e5d-be4a-d589327eac36
7054816b-a0ac-47d7-9e87-35c305944225,6224e910-1eed-4a20-ac05-273a5d645e9a,b1af2404-1078-47e7-af2e-a4e2be043b5e,manager,2025-10-26T02:14:53,2026-04-07T10:43:07.898880,6fbc467c-9cc2-4177-9591-31e34df50dce,6fbc467c-9cc2-4177-9591-31e34df50dce
a67c25c2-b3ab-45f6-8335-6d0df1701740,d80db8ed-530e-4f4d-bed0-2d8372481f38,2155d1b8-bf6c-417b-88cf-531610c1bc0b,user,2026-02-07T03:29:43,2026-04-07T10:43:07.898896,166fefb7-073e-4cf2-bdb1-d38d918aa817,166fefb7-073e-4cf2-bdb1-d38d918aa817
b8a29f27-7d78-46f5-96f8-d342995e9442,1daa7a3f-1c0a-411b-8357-2b63335940af,bea4014f-48bc-4afa-a892-b3c0adb2aa33,user,2025-12-26T16:50:54,2026-04-07T10:43:07.898910,8bd00dc8-d820-4277-b56a-cec84d4bfad3,8bd00dc8-d820-4277-b56a-cec84d4bfad3
7a4a7185-973b-4d6d-a6d7-f31b5f285746,a86fa6fe-2a59-4741-aff1-03d6b0ecfce9,0b4da9c3-c7eb-4440-9931-31f1d9165817,user,2025-06-01T10:11:05,2026-04-07T10:43:07.898925,05e7314f-ba07-4002-993b-69f47e96a8f3,05e7314f-ba07-4002-993b-69f47e96a8f3
87c7e34c-0318-4627-a37e-ad238f0b5a2b,c08061fa-9129-45de-ad36-f142703884ef,b1af2404-1078-47e7-af2e-a4e2be043b5e,user,2026-01-31T23:54:36,2026-04-07T10:43:07.898940,8939a52d-8256-481d-8fdb-fdb1715c3f6a,8939a52d-8256-481d-8fdb-fdb1715c3f6a
8f342bb2-b225-460a-97f5-a6046cbcbbb2,9af50231-3b27-4c78-975b-d75ad4d5e1b0,b1af2404-1078-47e7-af2e-a4e2be043b5e,user,2025-11-02T09:40:44,2026-04-07T10:43:07.898955,f76928d4-960f-4af9-9e86-677531563cd7,f76928d4-960f-4af9-9e86-677531563cd7
327f15c9-e01d-4ceb-890a-33cb581da967,e518ce63-cec0-459e-9eff-f5c7fa1d6f95,272a82ce-913a-48df-b4ec-2c85f20a0994,manager,2026-03-05T18:44:32,2026-04-07T10:43:07.898969,4bac60d6-8d2e-4f43-a74f-51a86d8988f5,4bac60d6-8d2e-4f43-a74f-51a86d8988f5
f6c0182d-43ff-4b8f-aea3-d94a1e46af73,574e4e04-1cc2-4f8e-880e-71dffc008a5d,99d37a94-dff8-4a1a-9144-2ed3c16fd181,user,2025-09-22T02:00:11,2026-04-07T10:43:07.898984,de600c4e-c5b7-4295-ad7c-dae33e35e7c2,de600c4e-c5b7-4295-ad7c-dae33e35e7c2
86699c7d-4d9c-4157-9e7e-b3b045c9ce15,1f4abc36-1864-4425-ad53-fd26d9673ff4,bb677a64-0cf1-42f0-8662-c1ad2443a1e0,manager,2025-12-16T01:09:37,2026-04-07T10:43:07.898998,2f77274c-205e-462b-ae96-2a0a7b64fb5e,2f77274c-205e-462b-ae96-2a0a7b64fb5e
a1aac939-a17e-46dc-a3bc-ad7ee60a3c55,4d22abfc-ba36-40b5-94f3-034603bbbf72,2155d1b8-bf6c-417b-88cf-531610c1bc0b,user,2025-08-12T07:39:44,2026-04-07T10:43:07.899013,4a815c4c-a39c-4718-a81f-4a9d4af02419,4a815c4c-a39c-4718-a81f-4a9d4af02419
aa8e781f-2725-43e2-8515-57a0549f7096,aa557695-5541-4e42-a628-d02f0aa74347,0b4da9c3-c7eb-4440-9931-31f1d9165817,manager,2026-01-14T11:30:46,2026-04-07T10:43:07.899028,649d0ee8-c331-48af-adfd-dee11b1745f0,649d0ee8-c331-48af-adfd-dee11b1745f0
6bdad2b3-ba62-4de7-a7c1-d232fe4849fc,dc52b4d0-ef49-42a9-8bb8-32b30ba91bde,f6169088-cc06-4c9c-ac65-81bf7614989b,manager,2026-03-25T21:13:41,2026-04-07T10:43:07.899043,1f7578e7-f05f-4f49-88d3-6e2810797c8a,1f7578e7-f05f-4f49-88d3-6e2810797c8a
eb48358f-2859-44ec-8ee7-9544dd24837e,1b7bda77-9555-4ecd-a23a-13b755968543,4851c453-cc2f-41cf-a138-eb4d49b84547,manager,2026-02-03T05:17:17,2026-04-07T10:43:07.899057,623b4125-fa0f-44bc-8291-35272a1bb1fa,623b4125-fa0f-44bc-8291-35272a1bb1fa
f62e70e8-5f97-429c-9339-384502b1d88c,93beb4cc-17a7-4f9b-addb-f34849c100c0,99d37a94-dff8-4a1a-9144-2ed3c16fd181,user,2025-08-01T21:19:58,2026-04-07T10:43:07.899073,3e0850b6-f03d-4f3b-b8cf-7ddc51e4b7ed,3e0850b6-f03d-4f3b-b8cf-7ddc51e4b7ed
cb1bf9d2-e87e-45e3-ad66-b34e76faa8df,2b1b10d6-13f6-485a-9ec3-4cbabfa82d6d,bb677a64-0cf1-42f0-8662-c1ad2443a1e0,user,2025-12-27T01:43:25,2026-04-07T10:43:07.899087,4a30147f-9de6-4171-bd40-f354c5d4547f,4a30147f-9de6-4171-bd40-f354c5d4547f
0c44de65-6fdd-4f3a-9e41-9a4d0df50dc2,e8b3363e-1f85-4c03-813a-37a3985a8cdb,272a82ce-913a-48df-b4ec-2c85f20a0994,user,2026-02-03T08:06:16,2026-04-07T10:43:07.899102,b4740dc1-cd9a-4296-995e-a2497141a2b7,b4740dc1-cd9a-4296-995e-a2497141a2b7
8dff16b7-4ca3-4185-bcbd-f3b3d023faf2,0df1d506-f548-4c3f-ab25-c7fcaf2a42da,4851c453-cc2f-41cf-a138-eb4d49b84547,user,2025-10-19T11:58:51,2026-04-07T10:43:07.899118,103fd61d-1239-4181-a77d-c31731dc6161,103fd61d-1239-4181-a77d-c31731dc6161
f38b61a2-175b-4fc9-a570-31dbb216ee13,4a9015a0-0f2a-4d53-9e92-e417f1a16bd2,bb677a64-0cf1-42f0-8662-c1ad2443a1e0,manager,2025-12-16T07:28:05,2026-04-07T10:43:07.899134,62cda9cd-0d18-4321-a2bb-97f7ce5de97e,62cda9cd-0d18-4321-a2bb-97f7ce5de97e
fd71b410-fe2a-4280-bd9c-6dde42dbab82,5346ad65-25ef-4cb9-b77a-1a91a017cbd6,b1af2404-1078-47e7-af2e-a4e2be043b5e,manager,2025-07-21T21:03:26,2026-04-07T10:43:07.899150,bfe11c93-0974-47b5-8de3-16b8d891525f,bfe11c93-0974-47b5-8de3-16b8d891525f
40692074-e944-4bf1-922b-62246b2763cd,5a77203c-91c0-45ea-a6d0-8733c437fe81,4851c453-cc2f-41cf-a138-eb4d49b84547,user,2025-11-02T11:36:39,2026-04-07T10:43:07.899166,7b967220-7081-426b-9d02-14be03a0db35,7b967220-7081-426b-9d02-14be03a0db35
7ecb430e-dc05-4762-a4ad-f218f47ca2a9,52c14610-7454-4f77-8742-5c2bda6b2fb8,272a82ce-913a-48df-b4ec-2c85f20a0994,user,2026-01-06T01:41:43,2026-04-07T10:43:07.899183,109ca0c6-27be-4e5d-be4a-d589327eac36,109ca0c6-27be-4e5d-be4a-d589327eac36
0ba73395-1c19-4614-ab27-4171ac47af76,2d3dda73-8eef-43eb-9370-4d63aab62957,2155d1b8-bf6c-417b-88cf-531610c1bc0b,user,2025-04-08T14:39:27,2026-04-07T10:43:07.899197,08854ac0-b255-44ad-beef-cb1f06876f72,08854ac0-b255-44ad-beef-cb1f06876f72
d714ca27-4912-4159-a50b-7ffdf69de5e7,dc76684a-bcc3-4a02-8ef2-efc87b7598fc,0b4da9c3-c7eb-4440-9931-31f1d9165817,user,2025-12-11T17:02:03,2026-04-07T10:43:07.899212,45f03603-1b59-49ab-9f2a-2d14aa1dc536,45f03603-1b59-49ab-9f2a-2d14aa1dc536
2b7942e5-24a3-4549-a95d-553dc9f17cbf,8227a5a9-904e-4fa1-964c-f3727fadff0c,bea4014f-48bc-4afa-a892-b3c0adb2aa33,user,2026-03-12T09:58:31,2026-04-07T10:43:07.899226,38b3953f-ebe1-407d-9e97-8a7a48292300,38b3953f-ebe1-407d-9e97-8a7a48292300
6ffdec59-73cf-4a04-820f-d98252644ed4,79c4078c-668b-45b7-82a4-1e4dcd62d624,272a82ce-913a-48df-b4ec-2c85f20a0994,admin,2025-09-24T03:20:42,2026-04-07T10:43:07.899241,029efb76-ac68-451a-a22c-db28ac2a68b0,029efb76-ac68-451a-a22c-db28ac2a68b0
99f0781a-9d6f-4af9-acce-2ece3e2686aa,3636399a-3d10-47cb-949b-d7eb86853549,2155d1b8-bf6c-417b-88cf-531610c1bc0b,manager,2025-10-31T09:00:50,2026-04-07T10:43:07.899256,608c90d2-be58-4a2b-ae36-8f624ba9c860,608c90d2-be58-4a2b-ae36-8f624ba9c860
c61bc896-f6ff-4b04-93e5-135ad0e0da71,3a87f8d0-ad8c-45a2-a15f-d5640aa79a43,2155d1b8-bf6c-417b-88cf-531610c1bc0b,user,2025-10-07T15:07:48,2026-04-07T10:43:07.899271,ddd42adf-9be7-48fc-a3d7-674afaf9659b,ddd42adf-9be7-48fc-a3d7-674afaf9659b
baa6c475-134e-4f2a-b5ad-38833609dc41,2f07ec43-6547-44fd-964b-1178f92dc718,f6169088-cc06-4c9c-ac65-81bf7614989b,user,2025-04-22T16:32:45,2026-04-07T10:43:07.899285,f38ad6aa-b1da-4f10-a1eb-da0284ab36dc,f38ad6aa-b1da-4f10-a1eb-da0284ab36dc
ff08deba-67e2-4856-9f55-e089caaa1bca,86e4a91c-9c91-4af8-9131-acdcedb87bcf,99d37a94-dff8-4a1a-9144-2ed3c16fd181,user,2025-07-28T23:30:20,2026-04-07T10:43:07.899299,b1c94664-8459-4d05-9370-2e1fe5447b97,b1c94664-8459-4d05-9370-2e1fe5447b97
47a5e58b-dc11-469c-b255-18f096431fba,20929067-cbb3-4ff8-ae06-700c99f02d80,739ed2bf-6237-4665-b46f-ef4f80e0679b,user,2025-08-11T05:44:03,2026-04-07T10:43:07.899314,f8c26584-ea2e-4a83-9d00-5e7c6ceb6ba2,f8c26584-ea2e-4a83-9d00-5e7c6ceb6ba2
baaf92e5-9bc3-4747-af6a-16efd6f5f49a,c7574d5c-6d7c-4a39-99a0-aa444331e98b,4851c453-cc2f-41cf-a138-eb4d49b84547,user,2026-03-08T02:08:05,2026-04-07T10:43:07.899328,14be49dd-1474-4068-95d5-2ae62fc2d17f,14be49dd-1474-4068-95d5-2ae62fc2d17f
d07cbb82-3dfb-4f25-85f3-3034e2b90fd4,e0ce2db2-ca76-41ef-b347-9f0bde0fbec0,bea4014f-48bc-4afa-a892-b3c0adb2aa33,admin,2025-11-02T07:30:10,2026-04-07T10:43:07.899342,003f678b-d69b-455a-8b48-026f432fec30,003f678b-d69b-455a-8b48-026f432fec30
0ecde79c-f493-45b8-b90c-36ae35470ac6,3d91a452-1719-4783-9116-5da248e6db2a,272a82ce-913a-48df-b4ec-2c85f20a0994,user,2025-11-13T06:15:17,2026-04-07T10:43:07.899357,1e3c0622-0ee5-4cc0-be56-0c0160687117,1e3c0622-0ee5-4cc0-be56-0c0160687117
4016a6f5-aacd-4f82-b732-b6272fcf1a8d,61fbe6ea-a459-4b0a-a9ca-114e3852576a,bea4014f-48bc-4afa-a892-b3c0adb2aa33,user,2025-09-16T16:27:12,2026-04-07T10:43:07.899372,1d80f55d-40fb-4256-bdc5-8dbc25ecc59d,1d80f55d-40fb-4256-bdc5-8dbc25ecc59d
19ff4173-2edd-496f-9eac-73e47625eca5,bb1b3803-93c9-4854-9744-2113c1d5e99f,bea4014f-48bc-4afa-a892-b3c0adb2aa33,user,2025-05-13T16:56:05,2026-04-07T10:43:07.899387,b1c94664-8459-4d05-9370-2e1fe5447b97,b1c94664-8459-4d05-9370-2e1fe5447b97
0c96346a-8802-4545-871a-1638ddde1965,3b362433-05b7-4e7c-8fe4-38b5f3dec095,99d37a94-dff8-4a1a-9144-2ed3c16fd181,admin,2025-05-11T04:20:38,2026-04-07T10:43:07.899402,dc3da9ba-b2c4-4fdf-808b-dae1611bb636,dc3da9ba-b2c4-4fdf-808b-dae1611bb636
0cc5cef9-a9ed-427f-88a2-77b97c1da18c,74c294ad-ddba-4082-a29a-6cc09f595935,bea4014f-48bc-4afa-a892-b3c0adb2aa33,user,2025-05-04T07:58:43,2026-04-07T10:43:07.899425,b7caa003-06c7-40fa-a612-da46bf9cae2d,b7caa003-06c7-40fa-a612-da46bf9cae2d
225c0377-4a8d-40b9-8cd6-25e5e524ff4e,98a558f6-6dff-40a2-9419-9d17a9f1ee51,0b4da9c3-c7eb-4440-9931-31f1d9165817,user,2025-04-08T04:38:15,2026-04-07T10:43:07.899442,289c4296-0a42-475a-b846-6235d769cb0e,289c4296-0a42-475a-b846-6235d769cb0e
6bfe2d66-a883-4154-a572-7881408b12e2,1d80f55d-40fb-4256-bdc5-8dbc25ecc59d,272a82ce-913a-48df-b4ec-2c85f20a0994,user,2025-08-31T01:58:14,2026-04-07T10:43:07.899457,dc5d68ed-c1e8-4701-ae00-a50ca8054afd,dc5d68ed-c1e8-4701-ae00-a50ca8054afd
90810de4-9c41-43dd-be12-7fc051cc1a97,e1820e56-9131-45ca-a9a8-9fa8e0406ade,b1af2404-1078-47e7-af2e-a4e2be043b5e,user,2025-09-25T21:00:25,2026-04-07T10:43:07.899471,f90ff544-729c-4fb6-b438-c5889b02d9c5,f90ff544-729c-4fb6-b438-c5889b02d9c5
6e7a03af-c607-4aa8-b338-960e18db5cc9,cbae5f78-4b69-4b4e-ad0f-8f9bcffcc2fa,272a82ce-913a-48df-b4ec-2c85f20a0994,user,2025-06-17T04:11:48,2026-04-07T10:43:07.899486,fbd456a5-0c7b-47f2-a397-1002082f2b3a,fbd456a5-0c7b-47f2-a397-1002082f2b3a
29493ff1-0ef9-4f10-b2db-954c9aadaa50,14be49dd-1474-4068-95d5-2ae62fc2d17f,4851c453-cc2f-41cf-a138-eb4d49b84547,user,2026-01-31T21:56:11,2026-04-07T10:43:07.899501,dc5d68ed-c1e8-4701-ae00-a50ca8054afd,dc5d68ed-c1e8-4701-ae00-a50ca8054afd
8093060c-42b3-4ae9-aa55-e04a1dc1195e,bc0d34e3-7dbb-4a5a-867c-8206befa7575,4851c453-cc2f-41cf-a138-eb4d49b84547,user,2025-09-26T17:42:44,2026-04-07T10:43:07.899516,a74c6547-8d94-4f89-96e8-40af2d50f2ba,a74c6547-8d94-4f89-96e8-40af2d50f2ba
3617b0b0-cae0-4fe5-8543-77323dff4648,ae4853a9-8eee-45c0-9cbc-c9f2458288fc,99d37a94-dff8-4a1a-9144-2ed3c16fd181,user,2026-01-07T04:35:26,2026-04-07T10:43:07.899530,36bddeb8-2634-4446-88c8-6866e01027cf,36bddeb8-2634-4446-88c8-6866e01027cf
52dfb537-19db-45f9-9aa4-9b365c4a7e10,6d0fe2de-6fa8-4493-aaf7-3291966f39ce,99d37a94-dff8-4a1a-9144-2ed3c16fd181,manager,2026-03-30T07:20:18,2026-04-07T10:43:07.899545,f8c26584-ea2e-4a83-9d00-5e7c6ceb6ba2,f8c26584-ea2e-4a83-9d00-5e7c6ceb6ba2
5ecb1956-0b8f-4a84-9b68-3708c7ad1b40,504414da-2d6d-4149-b3b0-78f4ae583587,739ed2bf-6237-4665-b46f-ef4f80e0679b,user,2025-12-10T04:05:24,2026-04-07T10:43:07.899560,7a4dd992-8b43-4966-8c5d-1c00206e8e64,7a4dd992-8b43-4966-8c5d-1c00206e8e64
c8cb3b04-e1ab-4c40-86fb-9bbc5646e3ee,3285aad0-8cad-45b3-b462-3f9bbabeb041,0b4da9c3-c7eb-4440-9931-31f1d9165817,user,2025-08-08T02:20:35,2026-04-07T10:43:07.899574,05f83bc8-43da-4cd0-8b61-8eb762ca2c4d,05f83bc8-43da-4cd0-8b61-8eb762ca2c4d
e0be902e-8972-4611-8e2e-f02b924c408e,2582c1bf-7c4e-43db-a220-ca55dd8fddd6,99d37a94-dff8-4a1a-9144-2ed3c16fd181,user,2025-05-24T06:10:37,2026-04-07T10:43:07.899588,8a2f9de7-e809-4a23-babb-01771c7e68d1,8a2f9de7-e809-4a23-babb-01771c7e68d1
496ebd5c-d8fd-481f-8ad9-aac27933642e,d7a89a89-0b6c-492b-bf2f-8a886bc5d4a9,0b4da9c3-c7eb-4440-9931-31f1d9165817,user,2025-07-15T16:31:01,2026-04-07T10:43:07.899603,654adc20-195d-4f3b-9578-966dcba79e7c,654adc20-195d-4f3b-9578-966dcba79e7c
0d09cb21-e9bc-43c5-bce8-6241ee9a941b,0301a1a9-43ac-4df9-9c35-3f54eaa13f51,0b4da9c3-c7eb-4440-9931-31f1d9165817,user,2025-05-15T17:08:02,2026-04-07T10:43:07.899618,75c87789-fd6e-4d72-8a68-51eb9dc8d765,75c87789-fd6e-4d72-8a68-51eb9dc8d765
581a79d1-17a6-43fb-aea4-4a1b38f651b4,f0a701ac-6152-4170-a162-4be3ce513a9a,2155d1b8-bf6c-417b-88cf-531610c1bc0b,user,2025-05-09T17:08:17,2026-04-07T10:43:07.899634,121bc551-1777-478a-9ef3-e41883a5a907,121bc551-1777-478a-9ef3-e41883a5a907
b036ecb0-e431-47d2-97d9-c34c92216edb,e832a0d9-b672-4fe8-b541-9b7371b4a8e5,bb677a64-0cf1-42f0-8662-c1ad2443a1e0,user,2026-02-05T04:23:54,2026-04-07T10:43:07.899649,7a4dd992-8b43-4966-8c5d-1c00206e8e64,7a4dd992-8b43-4966-8c5d-1c00206e8e64
d91ebb49-dfde-490c-9ef7-3135456444e4,15fdae36-faf3-4649-9d39-533624ef412e,2155d1b8-bf6c-417b-88cf-531610c1bc0b,user,2025-04-17T07:24:55,2026-04-07T10:43:07.899663,fb0da1ac-098d-4667-b0cf-4859ab42be08,fb0da1ac-098d-4667-b0cf-4859ab42be08
60f60fed-d5d0-41d1-b4b4-85f9539a03ff,623b4125-fa0f-44bc-8291-35272a1bb1fa,f6169088-cc06-4c9c-ac65-81bf7614989b,admin,2026-03-06T06:34:46,2026-04-07T10:43:07.899678,0908ef53-cf71-44c5-9051-a9881e559a55,0908ef53-cf71-44c5-9051-a9881e559a55
63557161-a616-498c-9075-c05c002256fc,4a4b9fb9-3015-40ae-befc-ce12387a6302,2155d1b8-bf6c-417b-88cf-531610c1bc0b,admin,2025-08-15T20:12:00,2026-04-07T10:43:07.899692,476e9bc5-add3-4e59-9cf1-3c3fdc4861b6,476e9bc5-add3-4e59-9cf1-3c3fdc4861b6
94799174-bb28-4cce-920f-7cd4c2aa4ed7,450cc560-5345-4687-898c-2c48a9459702,272a82ce-913a-48df-b4ec-2c85f20a0994,user,2025-04-19T07:43:06,2026-04-07T10:43:07.899707,61e8ee0b-fb4b-402c-9f9b-996a5f577009,61e8ee0b-fb4b-402c-9f9b-996a5f577009
ff7ead6d-674d-48f4-8062-a7a32e84b2cb,1a263365-b13c-4c43-9e5a-9c290ac81536,b1af2404-1078-47e7-af2e-a4e2be043b5e,user,2025-05-27T16:18:47,2026-04-07T10:43:07.899723,c8f96aa2-b543-4e71-aa6c-c1df026d8a4e,c8f96aa2-b543-4e71-aa6c-c1df026d8a4e
f3363653-eaee-4422-9ee9-5e40a8ccc610,94ec1392-26fc-47ef-993a-a147f37feb5f,2155d1b8-bf6c-417b-88cf-531610c1bc0b,user,2025-04-27T17:07:47,2026-04-07T10:43:07.899737,86dbefcb-d6dc-42f8-a0a7-61b502c6f391,86dbefcb-d6dc-42f8-a0a7-61b502c6f391
3fcda53f-e3aa-4440-a6f2-21d3e4ce7877,0bff0f68-4579-4103-b1ec-978a174bd382,f6169088-cc06-4c9c-ac65-81bf7614989b,user,2025-10-15T16:24:08,2026-04-07T10:43:07.899752,3f4aef6f-e551-44a9-b97d-9e12ab8e261f,3f4aef6f-e551-44a9-b97d-9e12ab8e261f
65b6765e-3f40-49ec-9b0b-c023cad7169b,32c8f079-a1cc-40e0-ad2d-32c1292ef824,739ed2bf-6237-4665-b46f-ef4f80e0679b,user,2026-04-06T19:36:08,2026-04-07T10:43:07.899767,210cc9fc-922d-46f9-a338-63971c357055,210cc9fc-922d-46f9-a338-63971c357055
7cddee8d-78a8-4e77-b822-ec527c471a1c,a8696383-8f43-45af-a219-09ac0bd23305,b1af2404-1078-47e7-af2e-a4e2be043b5e,user,2025-09-22T05:50:16,2026-04-07T10:43:07.899782,0225fb18-772b-442e-8bd1-cf2d32dd8906,0225fb18-772b-442e-8bd1-cf2d32dd8906
76f6826c-703f-436a-9d12-0eb6ec22b0df,b2a870fa-f977-4c95-ac91-9d41f08abbe5,b1af2404-1078-47e7-af2e-a4e2be043b5e,user,2025-07-02T02:45:32,2026-04-07T10:43:07.899796,38e7c59d-1019-4735-b96e-3475addbcb45,38e7c59d-1019-4735-b96e-3475addbcb45
8e7dd8fb-729c-4351-ac98-28ae73057c37,649d0ee8-c331-48af-adfd-dee11b1745f0,99d37a94-dff8-4a1a-9144-2ed3c16fd181,admin,2025-08-06T11:48:43,2026-04-07T10:43:07.899811,1d50aeee-0b91-44c1-8b63-95b62e964760,1d50aeee-0b91-44c1-8b63-95b62e964760
374f2155-c771-444e-a8aa-585183811c7a,fb5c066e-d461-4450-9b56-ff366def3e4a,4851c453-cc2f-41cf-a138-eb4d49b84547,user,2025-10-19T11:04:48,2026-04-07T10:43:07.899825,9e430ff9-a852-45f1-8c74-a97a5efe7a44,9e430ff9-a852-45f1-8c74-a97a5efe7a44
29a45861-1b8b-4ced-a87a-5d9b4cff2d12,94aac9a1-f6b1-4599-ad8c-18c7c00fe32d,739ed2bf-6237-4665-b46f-ef4f80e0679b,user,2025-10-09T14:48:01,2026-04-07T10:43:07.899839,5f62f946-37e2-415f-acc9-753d8e107bc9,5f62f946-37e2-415f-acc9-753d8e107bc9
ba7724c5-5e1f-4b93-9dc7-3b45b5ab63ff,05f83bc8-43da-4cd0-8b61-8eb762ca2c4d,0b4da9c3-c7eb-4440-9931-31f1d9165817,user,2025-04-21T23:33:09,2026-04-07T10:43:07.899854,77321781-3f4d-4c36-a3f3-26179cb47bac,77321781-3f4d-4c36-a3f3-26179cb47bac
eaedce73-616c-4398-a2bb-13c03b4d97a3,d91bd56d-8f8e-4dd0-8f43-2e920f73f1b5,bea4014f-48bc-4afa-a892-b3c0adb2aa33,user,2026-02-17T02:54:22,2026-04-07T10:43:07.899868,c3da39f4-5e82-422a-86dd-3f98b656a7fd,c3da39f4-5e82-422a-86dd-3f98b656a7fd
56853947-9023-4af2-a6e7-a3c10c7b75f0,9724ea12-6754-4cb8-a351-d0210ae294d2,b1af2404-1078-47e7-af2e-a4e2be043b5e,user,2025-10-17T09:59:10,2026-04-07T10:43:07.899882,69d90a14-c138-42a4-a286-69770e2ca565,69d90a14-c138-42a4-a286-69770e2ca565
4fde1cfe-a019-4943-9c5d-2bded53850c7,1e3c0622-0ee5-4cc0-be56-0c0160687117,b1af2404-1078-47e7-af2e-a4e2be043b5e,user,2025-07-23T09:44:39,2026-04-07T10:43:07.899896,50b6b950-ef5a-411b-bea7-b7208a05e6fd,50b6b950-ef5a-411b-bea7-b7208a05e6fd
fd2f8756-fb9a-4935-8084-9f0a1be8c06b,3250bb23-f1f9-4162-9a34-c397b95fd1d3,b1af2404-1078-47e7-af2e-a4e2be043b5e,user,2025-11-28T02:22:05,2026-04-07T10:43:07.899911,33086e69-91fa-49bb-9672-48946d30aec2,33086e69-91fa-49bb-9672-48946d30aec2
09032886-a135-426a-9f62-a0639122670b,8ed374f3-d9ee-4a0c-8db4-870d70ed307a,bb677a64-0cf1-42f0-8662-c1ad2443a1e0,user,2025-11-28T13:19:24,2026-04-07T10:43:07.899925,de600c4e-c5b7-4295-ad7c-dae33e35e7c2,de600c4e-c5b7-4295-ad7c-dae33e35e7c2
c6116312-1662-4aa0-aa39-fbaa1e200e96,1a42a54e-4734-49ca-b07f-da541ddf9aa9,bb677a64-0cf1-42f0-8662-c1ad2443a1e0,user,2025-11-02T03:36:19,2026-04-07T10:43:07.899940,b735f59c-8903-4f62-a70d-13e53c16ebf6,b735f59c-8903-4f62-a70d-13e53c16ebf6
703596f9-b3bc-43e2-a9ca-87a869a17fb7,76a6a390-01f3-4ee2-a0a9-cfd347215af0,4851c453-cc2f-41cf-a138-eb4d49b84547,user,2025-08-28T20:49:53,2026-04-07T10:43:07.899954,2aa7095f-2cb4-43d7-954e-078db2500205,2aa7095f-2cb4-43d7-954e-078db2500205
5eb3bf81-4481-4384-bae0-06af42e29cd2,c65c56d8-4641-4fef-80f8-f977142c33b7,f6169088-cc06-4c9c-ac65-81bf7614989b,user,2025-12-10T15:02:48,2026-04-07T10:43:07.899969,cad87c7d-527e-40e4-8926-2f5ba66128d4,cad87c7d-527e-40e4-8926-2f5ba66128d4
62629ede-72f7-49a7-9fa9-e131c8982551,b7c69998-cf9d-4d7c-90c2-ea4ddc417c8f,272a82ce-913a-48df-b4ec-2c85f20a0994,user,2026-03-19T23:09:07,2026-04-07T10:43:07.899983,f4229b3b-c5cf-4b9e-b32e-220690d56a55,f4229b3b-c5cf-4b9e-b32e-220690d56a55
6e457212-57f2-459d-87c5-d9d3d376d64c,bd4b9e5f-ebc0-41bd-bc82-143ec3aa6b74,272a82ce-913a-48df-b4ec-2c85f20a0994,user,2025-07-28T13:02:17,2026-04-07T10:43:07.899997,70606808-d789-4285-b8f7-801cddf9cd38,70606808-d789-4285-b8f7-801cddf9cd38
1e13f851-1de5-4f11-8444-73192e2c2d4e,d0683516-db89-4f99-83fd-f1b36798a0eb,bb677a64-0cf1-42f0-8662-c1ad2443a1e0,manager,2026-02-09T17:01:21,2026-04-07T10:43:07.900012,c22a4a4d-e702-4e1a-9ca1-3b8aa85df38c,c22a4a4d-e702-4e1a-9ca1-3b8aa85df38c
f0e5538c-ccad-4a90-90d2-1034f85634d7,5737d496-0e01-407a-b227-8fce7afa1a7c,272a82ce-913a-48df-b4ec-2c85f20a0994,user,2025-12-24T12:22:39,2026-04-07T10:43:07.900027,5f61bd9b-d09f-4e7e-8bd0-9ddf48f37b9e,5f61bd9b-d09f-4e7e-8bd0-9ddf48f37b9e
8fdeb9e4-3f25-452a-a497-6fefa0fb730a,8b14404e-df2e-45a2-ac4e-67a6c6c35806,2155d1b8-bf6c-417b-88cf-531610c1bc0b,user,2025-11-07T23:07:10,2026-04-07T10:43:07.900041,fa378302-7b82-42fb-ba73-4f8cd53e1ac9,fa378302-7b82-42fb-ba73-4f8cd53e1ac9
edec1d4c-e2c1-4aab-b0ea-af9ebabcdf22,8bf57825-2921-4267-a4a9-cbabe5f0d094,99d37a94-dff8-4a1a-9144-2ed3c16fd181,user,2025-11-05T11:30:28,2026-04-07T10:43:07.900056,5a77203c-91c0-45ea-a6d0-8733c437fe81,5a77203c-91c0-45ea-a6d0-8733c437fe81
de3c259d-5c96-4fad-abdf-3456c4e2b5ca,31b5fa85-8810-4ab8-89a6-7e842ae60de5,99d37a94-dff8-4a1a-9144-2ed3c16fd181,user,2025-10-16T06:15:17,2026-04-07T10:43:07.900069,77212e6c-5e2e-4443-9caf-89c8cf79d5a6,77212e6c-5e2e-4443-9caf-89c8cf79d5a6
24986145-819a-4db9-bdb4-5142846363c4,5ca6666b-c17a-41ff-a0f8-7f957cbf07e9,b1af2404-1078-47e7-af2e-a4e2be043b5e,user,2025-12-18T03:46:13,2026-04-07T10:43:07.900084,d7b11177-5bd8-4365-ac16-944d04900a4c,d7b11177-5bd8-4365-ac16-944d04900a4c
39393567-98c7-4196-86a3-331d9d18a382,daef7b6f-e9e2-4a75-abd1-526c4ce6d4ec,b1af2404-1078-47e7-af2e-a4e2be043b5e,admin,2025-11-05T02:07:25,2026-04-07T10:43:07.900098,83ad792e-26cc-4dff-8e71-e0b3219dc8e4,83ad792e-26cc-4dff-8e71-e0b3219dc8e4
b8e29d15-f667-4c66-bba7-f3b575a11816,e90ec84c-cf18-4a5f-9754-585dfee5eaf0,272a82ce-913a-48df-b4ec-2c85f20a0994,user,2026-03-28T18:43:45,2026-04-07T10:43:07.900113,578360d6-db3b-4e67-9885-9d2ab375e7f7,578360d6-db3b-4e67-9885-9d2ab375e7f7
aa7061c9-764c-43cb-957e-f155e87c8df3,0a3184ef-1fc1-4dd5-b157-b2b3a83b5fb0,f6169088-cc06-4c9c-ac65-81bf7614989b,user,2025-05-21T15:46:17,2026-04-07T10:43:07.900128,cdaa133d-a1b1-499e-a0d8-cb9f6615c131,cdaa133d-a1b1-499e-a0d8-cb9f6615c131
54d3e78c-ce6c-4351-8774-d93bc1fe618c,79efc85b-10e0-47d4-b567-1fb43a55b916,4851c453-cc2f-41cf-a138-eb4d49b84547,admin,2026-03-04T16:38:51,2026-04-07T10:43:07.900142,5cfa7019-dc33-4a2c-8eba-b2bc0d820c50,5cfa7019-dc33-4a2c-8eba-b2bc0d820c50
df62adc2-86d0-4eaa-a8c4-d1edfaf5e3c9,e48864c2-5dbb-4cdf-a74e-525d0fde1841,99d37a94-dff8-4a1a-9144-2ed3c16fd181,user,2026-02-11T15:53:33,2026-04-07T10:43:07.900157,aea4faff-54e3-437b-ba93-2dadb12e99c0,aea4faff-54e3-437b-ba93-2dadb12e99c0
e83ce1f8-0e25-4b40-b937-c8c779b4a715,63916fac-0a65-49db-b723-c258ac034a87,4851c453-cc2f-41cf-a138-eb4d49b84547,user,2025-09-03T20:04:26,2026-04-07T10:43:07.900171,ed827fb2-a795-4e26-a802-16689fc5f16f,ed827fb2-a795-4e26-a802-16689fc5f16f
6145c3cb-85e2-426a-bf89-36ea395823d3,2e97f3b9-65a2-41c2-8bdf-1aefb0507c64,f6169088-cc06-4c9c-ac65-81bf7614989b,user,2026-01-19T06:33:51,2026-04-07T10:43:07.900186,8b667bb3-4948-416b-9716-c2c305244642,8b667bb3-4948-416b-9716-c2c305244642
a6cac643-7cd4-4a56-b594-42042ea38f27,19329bc0-e4e5-4180-9898-4bdbc195c90a,99d37a94-dff8-4a1a-9144-2ed3c16fd181,user,2026-01-16T00:12:22,2026-04-07T10:43:07.900200,1521d09f-3796-4715-83c6-bd02931d7c4f,1521d09f-3796-4715-83c6-bd02931d7c4f
b8b7d8d6-d6c5-4ff2-89e1-3d92ecc365e3,8cb23664-7c61-41d6-907f-70f56aad7819,4851c453-cc2f-41cf-a138-eb4d49b84547,manager,2025-08-05T16:43:33,2026-04-07T10:43:07.900215,994b2c6e-9886-457b-9227-04c38c6f72fc,994b2c6e-9886-457b-9227-04c38c6f72fc
249122ac-86f0-427d-a7fb-e51a245da99b,8122e14f-2877-4797-a6de-e7230b14e6c1,99d37a94-dff8-4a1a-9144-2ed3c16fd181,manager,2025-06-03T09:17:45,2026-04-07T10:43:07.900230,8a2f9de7-e809-4a23-babb-01771c7e68d1,8a2f9de7-e809-4a23-babb-01771c7e68d1
36753cec-b15c-4f11-8e29-eaafad35f3fa,4805f6b1-4087-459b-85b5-0de05aa53e1e,2155d1b8-bf6c-417b-88cf-531610c1bc0b,user,2025-10-11T00:22:27,2026-04-07T10:43:07.900244,9e7dd822-10cd-471c-a787-0e09e4387ca1,9e7dd822-10cd-471c-a787-0e09e4387ca1
9e0f734e-c6a4-4991-b604-87dfc6a5beaf,17ba8520-9895-4407-ba36-e97b6dbbaa00,739ed2bf-6237-4665-b46f-ef4f80e0679b,user,2026-03-27T01:20:57,2026-04-07T10:43:07.900258,61e990c8-bba7-4835-8928-83ce0ead25c4,61e990c8-bba7-4835-8928-83ce0ead25c4
81bcb04c-ad8b-48e1-8566-1b55aeffa0c4,636de829-16e0-4679-9d08-ec261160fa6f,99d37a94-dff8-4a1a-9144-2ed3c16fd181,user,2026-03-18T09:48:17,2026-04-07T10:43:07.900273,a577ba16-740f-4b21-ae87-bd431a19eb55,a577ba16-740f-4b21-ae87-bd431a19eb55
d2d47a6a-6545-454b-8004-e7ee7ec83183,fc7993ce-32c1-4d64-98f5-7dae903edbe4,272a82ce-913a-48df-b4ec-2c85f20a0994,user,2025-07-23T06:41:41,2026-04-07T10:43:07.900287,7410bdc1-cc36-4229-9b8a-39c140b76563,7410bdc1-cc36-4229-9b8a-39c140b76563
bc649d01-c138-4757-816b-859baee3dada,fd0f59bf-d7f0-41d2-bc8e-a541129dc8e5,4851c453-cc2f-41cf-a138-eb4d49b84547,user,2025-10-27T20:03:16,2026-04-07T10:43:07.900302,e48864c2-5dbb-4cdf-a74e-525d0fde1841,e48864c2-5dbb-4cdf-a74e-525d0fde1841
31b55a93-f2b7-4225-9c91-6beba612b8a0,ee646770-742f-4f81-9113-bbe9b3730662,bb677a64-0cf1-42f0-8662-c1ad2443a1e0,user,2026-04-02T20:01:19,2026-04-07T10:43:07.900316,cdf68b11-295b-4f3d-a0ca-775bc5ed2f06,cdf68b11-295b-4f3d-a0ca-775bc5ed2f06
be5db36e-2378-499d-8d16-6562bb643c39,292c6787-a20f-4cf6-a02d-78102526df93,f6169088-cc06-4c9c-ac65-81bf7614989b,manager,2026-03-11T01:56:14,2026-04-07T10:43:07.900331,e8961475-e22b-4a6b-a6ee-e43f5e356f28,e8961475-e22b-4a6b-a6ee-e43f5e356f28
bf8d636d-eb65-4321-92bd-cf2c7c405022,cf3c3970-85f4-4a89-a293-88594e1ca709,272a82ce-913a-48df-b4ec-2c85f20a0994,manager,2025-09-10T16:13:42,2026-04-07T10:43:07.900345,bc0d34e3-7dbb-4a5a-867c-8206befa7575,bc0d34e3-7dbb-4a5a-867c-8206befa7575
8c0ed1ba-ab32-4cd5-ad6d-4492bf4ccb65,64f53569-005d-4f1c-b742-63ba1ff0364c,2155d1b8-bf6c-417b-88cf-531610c1bc0b,admin,2025-05-17T13:46:47,2026-04-07T10:43:07.900360,85f6e202-6daa-4875-80ad-cfd0e53ca573,85f6e202-6daa-4875-80ad-cfd0e53ca573
b5d3d9e7-2d13-45aa-8966-9bf2a0f2aca4,60ffc9c9-592b-43bb-bf2c-536bb1e00834,0b4da9c3-c7eb-4440-9931-31f1d9165817,user,2025-10-04T13:07:26,2026-04-07T10:43:07.900374,6f8e6bb6-ffb8-4208-98c1-bb68bcfe2b79,6f8e6bb6-ffb8-4208-98c1-bb68bcfe2b79
cc9b14f1-c86a-4476-b840-e5c26f771f78,3d4d3a6f-0499-4a72-958e-0c6dc5abab33,b1af2404-1078-47e7-af2e-a4e2be043b5e,manager,2025-06-12T18:14:31,2026-04-07T10:43:07.900389,9ed22e14-d838-4b9d-b8dd-2c85fdf1116b,9ed22e14-d838-4b9d-b8dd-2c85fdf1116b
9eeb6e0e-ede0-4905-aab8-4c7dafa41a3e,2589c58b-b46b-4860-9d56-3041f35f21eb,2155d1b8-bf6c-417b-88cf-531610c1bc0b,user,2026-02-16T18:07:28,2026-04-07T10:43:07.900410,24913beb-91f7-47a8-b64d-685877b8ce4f,24913beb-91f7-47a8-b64d-685877b8ce4f
f1efd912-9a96-4cb4-842f-8fae5c6c571d,ff9ab1ca-8762-4034-afc8-1a0c9009d060,bb677a64-0cf1-42f0-8662-c1ad2443a1e0,user,2025-10-23T21:29:36,2026-04-07T10:43:07.900426,4805f6b1-4087-459b-85b5-0de05aa53e1e,4805f6b1-4087-459b-85b5-0de05aa53e1e
e005b237-1865-4cae-87eb-e5e4f1b76dc5,1674fdcf-bea1-4145-93d5-6a4e47b2605e,4851c453-cc2f-41cf-a138-eb4d49b84547,user,2025-10-02T01:12:15,2026-04-07T10:43:07.900442,d1dce837-31d3-4558-bdef-66d4dddb8d87,d1dce837-31d3-4558-bdef-66d4dddb8d87
07021d4a-0215-4156-87ad-2bbc8c5ff156,a74c6547-8d94-4f89-96e8-40af2d50f2ba,bb677a64-0cf1-42f0-8662-c1ad2443a1e0,user,2026-01-27T17:25:52,2026-04-07T10:43:07.900457,fa378302-7b82-42fb-ba73-4f8cd53e1ac9,fa378302-7b82-42fb-ba73-4f8cd53e1ac9
c7b354e4-c6fd-4ce8-8b8f-9ca0273c117b,1658622c-c1c4-48bb-ae58-df60289b3123,f6169088-cc06-4c9c-ac65-81bf7614989b,user,2025-12-06T03:43:26,2026-04-07T10:43:07.900472,6e55ae22-60f5-4225-a18d-de9bf4ba3593,6e55ae22-60f5-4225-a18d-de9bf4ba3593
52f49682-e29f-47d9-8f18-2477ea67897b,c0e78137-c301-43ba-b840-afcced34ca12,739ed2bf-6237-4665-b46f-ef4f80e0679b,manager,2025-08-01T14:29:04,2026-04-07T10:43:07.900487,61b9e835-1883-4c36-8db4-df623caf0fe0,61b9e835-1883-4c36-8db4-df623caf0fe0
acc1d87d-7c74-42a0-b4a7-6cc953e8bcf5,990ba796-a311-4ce7-bab4-df5ba866e327,739ed2bf-6237-4665-b46f-ef4f80e0679b,user,2026-01-11T15:10:49,2026-04-07T10:43:07.900501,f294dbd4-d9ed-42db-91b3-010197c2e2a5,f294dbd4-d9ed-42db-91b3-010197c2e2a5
300ad750-2dfd-4a01-8606-0f4aa714cddd,b03a75f1-b67b-4489-b019-823e0fdb907b,bea4014f-48bc-4afa-a892-b3c0adb2aa33,manager,2025-11-28T05:01:38,2026-04-07T10:43:07.900516,f48c3e25-d564-4236-91b1-cac849b8bd11,f48c3e25-d564-4236-91b1-cac849b8bd11
c9f4d5cb-2092-45e2-a4d7-824878f35001,c62428d9-b3ef-488b-991d-44fdbe4dba3d,272a82ce-913a-48df-b4ec-2c85f20a0994,user,2026-02-26T20:35:55,2026-04-07T10:43:07.900533,bc0d34e3-7dbb-4a5a-867c-8206befa7575,bc0d34e3-7dbb-4a5a-867c-8206befa7575
db40d016-1e95-4c46-a5b7-85fa88f4c350,414ead17-cfec-4813-a829-4c67f3ec1cc9,bea4014f-48bc-4afa-a892-b3c0adb2aa33,user,2025-06-06T00:25:34,2026-04-07T10:43:07.900548,bc416c4f-2844-43a0-8574-49dae6c845c4,bc416c4f-2844-43a0-8574-49dae6c845c4
99ec5262-9730-477e-9581-fe4019a76ef5,d111a61e-17fa-4a56-a63b-2ba4a9050060,f6169088-cc06-4c9c-ac65-81bf7614989b,user,2026-02-26T13:01:47,2026-04-07T10:43:07.900564,f9f45b98-53b6-46db-8315-cfeaddcf63d9,f9f45b98-53b6-46db-8315-cfeaddcf63d9
b777b9b0-1f0a-4aa3-9b30-8a8378980324,608c90d2-be58-4a2b-ae36-8f624ba9c860,2155d1b8-bf6c-417b-88cf-531610c1bc0b,user,2025-05-11T04:29:23,2026-04-07T10:43:07.900579,90d7ef21-4fe4-4fc9-b81c-df196e4706bb,90d7ef21-4fe4-4fc9-b81c-df196e4706bb
0de7244d-a660-4204-858e-65e4ffb10c78,9e430ff9-a852-45f1-8c74-a97a5efe7a44,272a82ce-913a-48df-b4ec-2c85f20a0994,user,2025-09-08T15:33:46,2026-04-07T10:43:07.900597,d8e809d8-4300-479b-a4f9-0dc67b465249,d8e809d8-4300-479b-a4f9-0dc67b465249
20f81494-00ea-42b1-aff2-a381233d0b28,1cbccd25-4c97-4790-a9e3-3e20c326db46,2155d1b8-bf6c-417b-88cf-531610c1bc0b,manager,2026-03-14T17:39:23,2026-04-07T10:43:07.900611,f9a1d3ab-1117-48c3-a748-5b08d1d36dd5,f9a1d3ab-1117-48c3-a748-5b08d1d36dd5
99145572-72a1-4b1e-8e9d-9985e6e48700,b7d89981-6112-4f49-8aef-7d2672c567f7,bea4014f-48bc-4afa-a892-b3c0adb2aa33,user,2025-06-11T01:43:19,2026-04-07T10:43:07.900625,1f727c9c-c16e-4717-8a5e-96300f2f8bb6,1f727c9c-c16e-4717-8a5e-96300f2f8bb6
29b94c45-b6a7-4ad7-b157-9329f184c8ff,4024ddf2-c482-4bd4-85c8-1aead0591f8e,2155d1b8-bf6c-417b-88cf-531610c1bc0b,user,2025-05-20T05:18:00,2026-04-07T10:43:07.900640,0cf1c411-082a-4975-9211-5d332f43553a,0cf1c411-082a-4975-9211-5d332f43553a
881d71dc-4ba4-46bf-8092-467a76a4312f,e121fbf2-f03f-4b3a-b3b1-d039ccf25b10,bb677a64-0cf1-42f0-8662-c1ad2443a1e0,user,2025-04-16T19:42:47,2026-04-07T10:43:07.900655,e518ce63-cec0-459e-9eff-f5c7fa1d6f95,e518ce63-cec0-459e-9eff-f5c7fa1d6f95
d3f0e997-8105-4c27-a3a4-98251d6b2a8c,9bbd1608-6227-4e43-bc13-95fbba17c585,272a82ce-913a-48df-b4ec-2c85f20a0994,user,2025-06-03T20:52:21,2026-04-07T10:43:07.900670,b7d89981-6112-4f49-8aef-7d2672c567f7,b7d89981-6112-4f49-8aef-7d2672c567f7
77751be6-87fa-495d-89fb-2e9c1f99d2ba,ce2a45ec-0c2c-46d8-ba39-d88fd30a47b3,b1af2404-1078-47e7-af2e-a4e2be043b5e,user,2025-06-05T06:31:56,2026-04-07T10:43:07.900685,2f2319a3-c734-4f30-819a-bd068fc1309b,2f2319a3-c734-4f30-819a-bd068fc1309b
1918ffc6-8056-45c8-b1c6-686a69d11afd,9d54dad8-ab7f-4126-ae50-14d756e5726a,0b4da9c3-c7eb-4440-9931-31f1d9165817,user,2025-04-23T06:58:30,2026-04-07T10:43:07.900700,4196deef-74c7-4c4a-a0a8-75395f0b6e4c,4196deef-74c7-4c4a-a0a8-75395f0b6e4c
28ecff04-04ba-4985-932d-c1c6ea13a4de,78212d45-81bd-442f-82a4-025ebd5d3a25,f6169088-cc06-4c9c-ac65-81bf7614989b,user,2025-09-30T09:55:21,2026-04-07T10:43:07.900715,9649f475-2d93-4d27-8814-a7c0eb15470c,9649f475-2d93-4d27-8814-a7c0eb15470c
e438ee7f-7cd6-4a4c-9848-110f03a5106d,a7f6cca8-8ebf-4ab5-a7cb-0a219c02de1a,739ed2bf-6237-4665-b46f-ef4f80e0679b,user,2025-12-11T18:54:01,2026-04-07T10:43:07.900733,24e58ba8-54a2-4f9c-9109-b5d0bcaff870,24e58ba8-54a2-4f9c-9109-b5d0bcaff870
0a150725-ca7c-488c-a5d3-b813c5cde8ac,d8bf65f5-1cf2-4124-9e6b-56197a6762bc,272a82ce-913a-48df-b4ec-2c85f20a0994,manager,2025-08-30T11:24:14,2026-04-07T10:43:07.900748,950592f9-2f78-4639-a691-47abf57e3ac9,950592f9-2f78-4639-a691-47abf57e3ac9
0615027b-be74-47bd-900a-aeed4095c1f8,8a55bd89-74d6-4180-bb1d-83a7031f6b8d,272a82ce-913a-48df-b4ec-2c85f20a0994,manager,2026-02-15T04:40:31,2026-04-07T10:43:07.900762,01e48395-8c0e-4cfa-be2b-1ed6e329b5a4,01e48395-8c0e-4cfa-be2b-1ed6e329b5a4
d7a347f6-1740-49a4-8a03-d45ce63602bd,779f932f-3eff-457b-a4f8-afa5ef0e2b3c,4851c453-cc2f-41cf-a138-eb4d49b84547,user,2025-08-09T05:21:45,2026-04-07T10:43:07.900776,45301870-827d-42a0-9cdb-1eb4cd261119,45301870-827d-42a0-9cdb-1eb4cd261119
3b25d677-b514-4916-9957-ca600497921f,55b0d2c1-8f49-43c2-b1cd-136e7bbb0037,bb677a64-0cf1-42f0-8662-c1ad2443a1e0,user,2025-05-31T22:16:00,2026-04-07T10:43:07.900790,8bf57825-2921-4267-a4a9-cbabe5f0d094,8bf57825-2921-4267-a4a9-cbabe5f0d094
2abaa7a0-1a81-436e-8558-a243732f9929,6052c6c7-c454-4a3b-ab1c-431ba9a14cc7,bb677a64-0cf1-42f0-8662-c1ad2443a1e0,user,2026-02-04T06:06:38,2026-04-07T10:43:07.900805,a9f9ecfe-28e7-4d50-84e9-52d952d86b49,a9f9ecfe-28e7-4d50-84e9-52d952d86b49
b0d7c16d-bac4-464d-9607-6396de5c3c90,b26a98a6-4183-442f-87ba-dfc48ccef494,0b4da9c3-c7eb-4440-9931-31f1d9165817,user,2026-03-15T12:22:57,2026-04-07T10:43:07.900819,7410bdc1-cc36-4229-9b8a-39c140b76563,7410bdc1-cc36-4229-9b8a-39c140b76563
6e2f0281-2c0d-45a7-a7c7-cac840e058f3,4da08238-f1e1-4857-9151-5730dcf66755,b1af2404-1078-47e7-af2e-a4e2be043b5e,user,2025-07-19T18:38:46,2026-04-07T10:43:07.900834,4bb82ec7-bab1-43a4-9312-139c5430cbc5,4bb82ec7-bab1-43a4-9312-139c5430cbc5
8f22e6b0-6096-4ae9-a4df-99df0f2dc5a5,ae429833-4eb0-475e-9b88-f5eb96766213,bea4014f-48bc-4afa-a892-b3c0adb2aa33,user,2025-08-21T03:31:09,2026-04-07T10:43:07.900848,4c404286-d2d8-4782-af15-b5e445dd5586,4c404286-d2d8-4782-af15-b5e445dd5586
f984685e-3b1b-465a-bd11-a3e409a7e8a3,6aae3af3-9eb8-404b-a313-0ab5b24985e8,272a82ce-913a-48df-b4ec-2c85f20a0994,user,2026-01-14T01:35:09,2026-04-07T10:43:07.900862,e3d34792-a46e-4bb8-b837-8df3efbef68d,e3d34792-a46e-4bb8-b837-8df3efbef68d
447f45b6-086c-4b7b-81c3-d19b223107ef,c26dbb1c-1043-40af-80fc-5cc9a918b7a8,bea4014f-48bc-4afa-a892-b3c0adb2aa33,user,2025-07-15T06:29:28,2026-04-07T10:43:07.900879,4bac60d6-8d2e-4f43-a74f-51a86d8988f5,4bac60d6-8d2e-4f43-a74f-51a86d8988f5
4f498527-6d0e-40e6-9300-cd60a12c21bd,b706bdcf-9377-4544-bd0c-a0d674179f01,4851c453-cc2f-41cf-a138-eb4d49b84547,user,2025-12-05T02:40:40,2026-04-07T10:43:07.900894,b71d1610-6036-45ed-9472-f0967a57795e,b71d1610-6036-45ed-9472-f0967a57795e
97c792c8-7d5b-4177-a74f-92d73e4d4dbf,76185efd-c34b-47c6-87f1-153f3262b4ee,bea4014f-48bc-4afa-a892-b3c0adb2aa33,user,2025-04-28T22:49:20,2026-04-07T10:43:07.900908,fe63cd9c-c75e-451a-937f-5513ef640ceb,fe63cd9c-c75e-451a-937f-5513ef640ceb
14f12674-68f8-4fab-914b-dda8544e21ab,86ecaed9-a394-454e-ac64-f4b2d569fec6,b1af2404-1078-47e7-af2e-a4e2be043b5e,user,2025-12-23T12:38:57,2026-04-07T10:43:07.900924,bd1eefef-3fb4-4192-9ad8-67cbed6f3028,bd1eefef-3fb4-4192-9ad8-67cbed6f3028
0a46e53e-cd79-432b-a506-d020d7770c9b,f364afa9-23ca-4bda-88fb-8db4167cae03,bb677a64-0cf1-42f0-8662-c1ad2443a1e0,user,2025-12-15T08:28:07,2026-04-07T10:43:07.900939,5506695f-f8ea-4a54-9786-d114d9d36127,5506695f-f8ea-4a54-9786-d114d9d36127
73f50bd0-7f8b-4cc4-ae0c-de48bf061039,4db50ede-040c-4295-8652-519db48e7824,272a82ce-913a-48df-b4ec-2c85f20a0994,user,2026-01-04T13:06:13,2026-04-07T10:43:07.900954,17657ddb-3544-4e84-917e-51f3446845c2,17657ddb-3544-4e84-917e-51f3446845c2
ffac89f3-69b9-40a8-85a0-30ac894283f0,96adbe76-787c-47ac-a456-334a1d59f49c,0b4da9c3-c7eb-4440-9931-31f1d9165817,user,2025-12-12T14:00:54,2026-04-07T10:43:07.900969,fa378302-7b82-42fb-ba73-4f8cd53e1ac9,fa378302-7b82-42fb-ba73-4f8cd53e1ac9
98f7e635-e502-4a76-bcbb-d8baeac9c3a0,c11a4f33-c04c-4100-b8ea-29c869999780,b1af2404-1078-47e7-af2e-a4e2be043b5e,user,2025-07-27T13:30:48,2026-04-07T10:43:07.900984,103fd61d-1239-4181-a77d-c31731dc6161,103fd61d-1239-4181-a77d-c31731dc6161
7091b641-844e-4cd6-a37a-20c2d9717d17,a878f1de-6cdb-472a-ba4d-ea9137c9a77d,bb677a64-0cf1-42f0-8662-c1ad2443a1e0,user,2025-10-27T17:15:09,2026-04-07T10:43:07.900999,0923c6ca-3b05-491b-b4bd-7fd0df4a673a,0923c6ca-3b05-491b-b4bd-7fd0df4a673a
f024a86c-b791-4ec1-92fc-39370d90b093,ff6e3e71-d293-4917-8d89-d11892d51bc3,f6169088-cc06-4c9c-ac65-81bf7614989b,user,2025-09-25T23:13:07,2026-04-07T10:43:07.901014,98a558f6-6dff-40a2-9419-9d17a9f1ee51,98a558f6-6dff-40a2-9419-9d17a9f1ee51
f91d9885-e76a-494e-93df-894b6df6c2d3,440aa93e-d5d8-4285-9521-ef8ca29aa97c,bb677a64-0cf1-42f0-8662-c1ad2443a1e0,user,2025-09-03T09:42:00,2026-04-07T10:43:07.901029,eeb4a89b-8231-4b3f-926a-f3ce8f3f8380,eeb4a89b-8231-4b3f-926a-f3ce8f3f8380
ea539f3c-ff0e-4f49-9bfa-a2e3e0e6120d,c1071b33-3be7-4693-9ffe-a41ebd9d8b7a,f6169088-cc06-4c9c-ac65-81bf7614989b,user,2025-04-07T19:25:43,2026-04-07T10:43:07.901044,1326db1b-56b8-4f25-bd0b-d8d71a321b0b,1326db1b-56b8-4f25-bd0b-d8d71a321b0b
eac30d09-d8bf-482f-a0e5-109edeafe29d,fc5f420d-e4a0-43de-a3f3-0735c49f2d44,f6169088-cc06-4c9c-ac65-81bf7614989b,user,2025-07-17T10:51:09,2026-04-07T10:43:07.901059,dc76684a-bcc3-4a02-8ef2-efc87b7598fc,dc76684a-bcc3-4a02-8ef2-efc87b7598fc
eb414b7e-fb5b-43d7-9857-5535aa02eba7,3acd3699-f915-410a-abc5-61ddabe3ba00,739ed2bf-6237-4665-b46f-ef4f80e0679b,manager,2025-07-21T07:27:26,2026-04-07T10:43:07.901075,0e560664-768f-48ae-99e3-e5f40e59f26d,0e560664-768f-48ae-99e3-e5f40e59f26d
28c43cb5-2b53-49d0-b9ff-4a37223a2460,5cc4c69b-0ef9-4819-b6ff-fc878e08f0d2,bea4014f-48bc-4afa-a892-b3c0adb2aa33,user,2025-08-22T11:07:57,2026-04-07T10:43:07.901089,e47ee8d5-4123-4a18-b258-ea7f2577a1c5,e47ee8d5-4123-4a18-b258-ea7f2577a1c5
7605a16a-f345-4430-a096-4dc0d33dbeba,ac19b84f-6dfc-4285-9cfc-939978920d3c,272a82ce-913a-48df-b4ec-2c85f20a0994,user,2026-03-09T08:58:59,2026-04-07T10:43:07.901104,03a7ec43-a15e-437b-a7a5-7eda7f9a0d78,03a7ec43-a15e-437b-a7a5-7eda7f9a0d78
a301cbb1-c2c8-40d4-a631-4929710d6a30,94c2207a-6274-4a29-8d46-815ff06402f1,272a82ce-913a-48df-b4ec-2c85f20a0994,user,2026-02-26T04:00:27,2026-04-07T10:43:07.901119,daf6b1f9-6417-4cc0-a6a1-2c9412cccc3e,daf6b1f9-6417-4cc0-a6a1-2c9412cccc3e
f9e7cd32-03d2-43bd-99cd-8b05b9271dbe,872f2171-91f7-4d45-98dd-2e5348b87dde,99d37a94-dff8-4a1a-9144-2ed3c16fd181,user,2025-08-23T10:47:48,2026-04-07T10:43:07.901133,bfe11c93-0974-47b5-8de3-16b8d891525f,bfe11c93-0974-47b5-8de3-16b8d891525f
2f2c627b-01a0-4e5d-aa03-c7d6e851b0ca,950592f9-2f78-4639-a691-47abf57e3ac9,2155d1b8-bf6c-417b-88cf-531610c1bc0b,user,2025-09-10T15:25:34,2026-04-07T10:43:07.901148,a71155ce-d903-4968-922a-6a48d557191b,a71155ce-d903-4968-922a-6a48d557191b
2c481bb5-1ded-43d7-83b1-cbbb015cb552,63ed6ab6-6976-4589-954d-6ab598b24460,f6169088-cc06-4c9c-ac65-81bf7614989b,user,2026-01-17T10:49:20,2026-04-07T10:43:07.901164,990ba796-a311-4ce7-bab4-df5ba866e327,990ba796-a311-4ce7-bab4-df5ba866e327
1f2ca027-c622-4302-82fc-2f0bdb93d7d3,9479f1d5-f5d2-4240-840d-257ce17f8334,bb677a64-0cf1-42f0-8662-c1ad2443a1e0,user,2025-12-29T00:02:45,2026-04-07T10:43:07.901180,814faee6-d4a0-46bb-a4c1-7e1e810fb9da,814faee6-d4a0-46bb-a4c1-7e1e810fb9da
31b720db-9520-4101-89e4-458dbc07dc59,d340dfc3-8578-4583-8dfb-9986e7c29252,99d37a94-dff8-4a1a-9144-2ed3c16fd181,user,2025-06-21T15:08:53,2026-04-07T10:43:07.901195,10a0894c-12b0-4c08-ba86-d09b5caf6063,10a0894c-12b0-4c08-ba86-d09b5caf6063
17337e64-bec5-4a5b-91bc-a2de5c7aada4,5622c63c-6cd9-425d-8158-f1bee6f5b561,f6169088-cc06-4c9c-ac65-81bf7614989b,manager,2026-01-20T18:46:57,2026-04-07T10:43:07.901209,1be70c3f-54b5-4003-a211-8ce011631472,1be70c3f-54b5-4003-a211-8ce011631472
703f7256-8683-4159-b3e8-af750edf5719,1df1e452-27fb-40e5-9b31-8cceec8d1657,739ed2bf-6237-4665-b46f-ef4f80e0679b,manager,2025-07-06T17:39:15,2026-04-07T10:43:07.901224,c5642207-4a90-422c-9cf5-2c1a2a45bd9b,c5642207-4a90-422c-9cf5-2c1a2a45bd9b
d4abc07e-267a-4e71-9e48-691b2e5f760f,37ad7ae1-ad35-4ece-aa77-1925d99fd28d,0b4da9c3-c7eb-4440-9931-31f1d9165817,user,2026-02-11T23:33:39,2026-04-07T10:43:07.901239,e90ec84c-cf18-4a5f-9754-585dfee5eaf0,e90ec84c-cf18-4a5f-9754-585dfee5eaf0
735c0bda-5bed-4f46-99d4-d1cbebccd942,91f0193e-6adf-4b07-8a71-08038e7b0c17,0b4da9c3-c7eb-4440-9931-31f1d9165817,user,2025-09-01T06:38:57,2026-04-07T10:43:07.901253,5f62f946-37e2-415f-acc9-753d8e107bc9,5f62f946-37e2-415f-acc9-753d8e107bc9
4c08d0f5-84aa-41d2-bb90-5a880404256a,dadb8bf4-ac34-4c61-ab31-7fb1863561f1,b1af2404-1078-47e7-af2e-a4e2be043b5e,user,2025-11-18T18:35:10,2026-04-07T10:43:07.901268,05e85e79-5dfe-443b-8b5e-770d420b8715,05e85e79-5dfe-443b-8b5e-770d420b8715
aea9e82c-b2b3-4cd0-a536-13dcd6f0d936,29253aa5-7cb5-4c9c-a9e3-362a3c3c55ee,99d37a94-dff8-4a1a-9144-2ed3c16fd181,manager,2025-06-02T01:42:48,2026-04-07T10:43:07.901283,9649f475-2d93-4d27-8814-a7c0eb15470c,9649f475-2d93-4d27-8814-a7c0eb15470c
8781312e-c9ca-4975-8d53-b0553fb8c028,5be0b7fb-7f6c-4d1e-b8fe-0a29190a72a7,739ed2bf-6237-4665-b46f-ef4f80e0679b,manager,2025-05-05T07:06:56,2026-04-07T10:43:07.901298,ea0d5fa8-cd8b-457e-90ee-d5790acf8711,ea0d5fa8-cd8b-457e-90ee-d5790acf8711
8d0ce6c9-aa01-47cf-909e-1956efc8e823,ea872843-e5a1-476e-b5bb-354b78919366,99d37a94-dff8-4a1a-9144-2ed3c16fd181,user,2025-12-01T12:48:29,2026-04-07T10:43:07.901313,be453da7-17c0-4c7b-896e-4bec118ceece,be453da7-17c0-4c7b-896e-4bec118ceece
72ed6b2a-bf5c-4f35-82b7-8546637a5cb4,b3ace70e-ca45-42d2-92b6-642f15a5bf04,f6169088-cc06-4c9c-ac65-81bf7614989b,user,2025-11-14T03:00:07,2026-04-07T10:43:07.901327,b7c69998-cf9d-4d7c-90c2-ea4ddc417c8f,b7c69998-cf9d-4d7c-90c2-ea4ddc417c8f
5b2ffd80-85f6-466b-88cd-84465f32c119,3348ebd4-6b3c-488f-b599-f33e7cb2befd,99d37a94-dff8-4a1a-9144-2ed3c16fd181,user,2025-10-28T13:14:54,2026-04-07T10:43:07.901342,de031b44-eb7e-4131-82f8-f540a5baed76,de031b44-eb7e-4131-82f8-f540a5baed76
c18eabb8-e467-4725-ab37-4a06422f4b33,696f0970-79c6-442c-b940-a00113bbe093,f6169088-cc06-4c9c-ac65-81bf7614989b,user,2025-11-23T10:17:41,2026-04-07T10:43:07.901359,405bd650-a048-4806-8029-2c9b2499adf5,405bd650-a048-4806-8029-2c9b2499adf5
9b3aef4e-20d2-405f-80db-096ddc292808,627355cd-9436-461c-baf5-cd4a62769c43,739ed2bf-6237-4665-b46f-ef4f80e0679b,user,2025-06-16T10:21:00,2026-04-07T10:43:07.901374,809d25cc-c46a-44fd-8aa7-54567a36ad4a,809d25cc-c46a-44fd-8aa7-54567a36ad4a
3cc62dac-5deb-41b7-a662-538a06777515,fb28cf0a-c7f0-4959-b25a-e2aca9e5c67c,f6169088-cc06-4c9c-ac65-81bf7614989b,manager,2025-05-10T18:56:28,2026-04-07T10:43:07.901390,d0e6ac8e-1d9b-4764-8aba-0fb2ab06d10d,d0e6ac8e-1d9b-4764-8aba-0fb2ab06d10d
32fa8f74-3807-449f-841b-aed82e038046,b80307f3-f3f1-474e-b5ed-246ff755bb4a,739ed2bf-6237-4665-b46f-ef4f80e0679b,user,2025-04-15T00:31:53,2026-04-07T10:43:07.901405,77db1da3-0c4f-42e9-91e0-81639a7c1d1d,77db1da3-0c4f-42e9-91e0-81639a7c1d1d
12e3bee5-3108-4bdf-b1c0-c3d871cf20cc,7761bede-5ec9-49eb-ae19-ac04908d9ec7,f6169088-cc06-4c9c-ac65-81bf7614989b,user,2025-05-25T20:48:52,2026-04-07T10:43:07.901426,b448748e-f982-410a-8366-b5ac1ec4ecb6,b448748e-f982-410a-8366-b5ac1ec4ecb6
a1fd9cad-2915-4a17-8a5a-42d4e3264245,12880a93-1e6c-461e-aa34-6e69431852d6,739ed2bf-6237-4665-b46f-ef4f80e0679b,user,2025-05-06T05:59:31,2026-04-07T10:43:07.901445,1869e28b-28ac-46e5-90ae-fd87a62328b5,1869e28b-28ac-46e5-90ae-fd87a62328b5
b7189d78-630d-41d0-baf6-24a7ac3087b9,f584e962-0341-440b-b285-eba6d574b4e4,f6169088-cc06-4c9c-ac65-81bf7614989b,user,2025-08-04T11:34:47,2026-04-07T10:43:07.901461,3004ddff-08db-460e-99fc-51d812da2d00,3004ddff-08db-460e-99fc-51d812da2d00
424ebaeb-b12c-4d41-a0a4-3cc5468ba2ac,1f727c9c-c16e-4717-8a5e-96300f2f8bb6,4851c453-cc2f-41cf-a138-eb4d49b84547,manager,2025-08-07T19:04:16,2026-04-07T10:43:07.901478,e8a3500d-e6d3-458b-b472-5b65c367e587,e8a3500d-e6d3-458b-b472-5b65c367e587
ddc52cdf-5ca7-4e8c-a6a8-a41d82753c39,b3d2828d-fa32-43d7-abf2-438284624fbe,0b4da9c3-c7eb-4440-9931-31f1d9165817,user,2026-01-24T18:45:04,2026-04-07T10:43:07.901494,c2c90f9b-1d56-4412-958b-f11e1aca20ab,c2c90f9b-1d56-4412-958b-f11e1aca20ab
342269e8-3610-40e9-bc0c-b9402b53fa0e,4dd580bb-b72c-42db-9b90-a43dafdba682,2155d1b8-bf6c-417b-88cf-531610c1bc0b,manager,2025-05-14T04:48:58,2026-04-07T10:43:07.901509,b23230a7-8cab-4798-979e-7ab5dcb3f84d,b23230a7-8cab-4798-979e-7ab5dcb3f84d
7cb90843-c730-48fb-bef2-96f60de1e169,809d25cc-c46a-44fd-8aa7-54567a36ad4a,f6169088-cc06-4c9c-ac65-81bf7614989b,user,2025-05-18T09:46:00,2026-04-07T10:43:07.901523,ca146adc-bca7-4432-a563-10deae7a9169,ca146adc-bca7-4432-a563-10deae7a9169
c1abf653-5af1-4069-8369-5667052f07df,fbd456a5-0c7b-47f2-a397-1002082f2b3a,2155d1b8-bf6c-417b-88cf-531610c1bc0b,user,2026-01-22T00:45:23,2026-04-07T10:43:07.901538,56b32cb1-baf3-4607-bb8d-1e8037b63676,56b32cb1-baf3-4607-bb8d-1e8037b63676
c7da77a2-8799-4060-9de2-338aec318ca3,1f299bc8-45f6-4d5b-9ea9-b11b455090fe,272a82ce-913a-48df-b4ec-2c85f20a0994,manager,2025-06-30T17:03:33,2026-04-07T10:43:07.901553,a638aaaa-c6ab-43cb-9e9c-3e8e570030ae,a638aaaa-c6ab-43cb-9e9c-3e8e570030ae
81044e47-65be-46fb-9854-97fb11e4d7f6,6adb7fb6-d1eb-4d46-a3a7-bce4b74faea2,bea4014f-48bc-4afa-a892-b3c0adb2aa33,user,2025-08-24T05:43:00,2026-04-07T10:43:07.901568,4eaa8d3f-061d-47fa-9d6d-f6cc81084d6a,4eaa8d3f-061d-47fa-9d6d-f6cc81084d6a
0dfc0877-0064-417a-8474-6ba969396a82,0419a997-a0f2-47f1-acbd-d1b640a712c1,2155d1b8-bf6c-417b-88cf-531610c1bc0b,user,2026-03-07T10:08:58,2026-04-07T10:43:07.901583,af4832f2-5a9e-4c09-be25-e21bc1a4acb1,af4832f2-5a9e-4c09-be25-e21bc1a4acb1
ca71fe28-5e1c-4bf1-90ae-3af6a8149e3a,38e7c59d-1019-4735-b96e-3475addbcb45,f6169088-cc06-4c9c-ac65-81bf7614989b,manager,2025-11-24T19:38:46,2026-04-07T10:43:07.901598,5737d496-0e01-407a-b227-8fce7afa1a7c,5737d496-0e01-407a-b227-8fce7afa1a7c
894bdfb3-666b-473f-9930-d5b14efc0e69,5d673adb-3aa5-4d96-a0b4-68e0e4ce2f85,f6169088-cc06-4c9c-ac65-81bf7614989b,user,2025-04-17T03:41:17,2026-04-07T10:43:07.901613,480d39e8-43fa-4ef8-b951-df6c8e269d37,480d39e8-43fa-4ef8-b951-df6c8e269d37
2979d44e-765c-46a7-9967-3d633421a663,5bf3235a-4402-4387-bd05-f31b0a963786,bea4014f-48bc-4afa-a892-b3c0adb2aa33,user,2025-12-09T16:50:29,2026-04-07T10:43:07.901628,c1ada5ce-7b8e-4df1-875f-8d9753f2dad9,c1ada5ce-7b8e-4df1-875f-8d9753f2dad9
51a519a2-82eb-418f-96e8-a0e54c16cece,50b81d1f-ebc1-4e3f-9a5e-7a9d2497c5eb,739ed2bf-6237-4665-b46f-ef4f80e0679b,user,2026-02-11T09:54:43,2026-04-07T10:43:07.901643,3d305892-bad0-494e-90ff-97efd8758994,3d305892-bad0-494e-90ff-97efd8758994
dc947a76-5051-45f6-9a20-5d3234dec875,8d91d5d6-9552-4cf9-8b19-f44d09cc4f44,0b4da9c3-c7eb-4440-9931-31f1d9165817,user,2025-06-10T04:54:41,2026-04-07T10:43:07.901661,696f0970-79c6-442c-b940-a00113bbe093,696f0970-79c6-442c-b940-a00113bbe093
a52c28f7-94fc-46dd-8cfc-36eec2a68783,6feb18da-c836-427a-a6b7-ecb88a19a37f,bea4014f-48bc-4afa-a892-b3c0adb2aa33,user,2025-08-16T12:31:50,2026-04-07T10:43:07.901676,78212d45-81bd-442f-82a4-025ebd5d3a25,78212d45-81bd-442f-82a4-025ebd5d3a25
39307b5e-7f31-49ca-9b94-ffc4a04e0d3f,ae1bdbeb-65d5-40af-9c96-cea31a53a065,2155d1b8-bf6c-417b-88cf-531610c1bc0b,admin,2026-03-02T17:50:32,2026-04-07T10:43:07.901693,ad8d6633-0827-4df8-a531-01be6759654e,ad8d6633-0827-4df8-a531-01be6759654e
652e23f4-b34c-4103-99e2-fbbd7c565dfe,d19c8260-a71f-440f-8936-b1cb58526fba,739ed2bf-6237-4665-b46f-ef4f80e0679b,user,2025-12-08T10:43:57,2026-04-07T10:43:07.901709,2d96da39-08e0-4d29-b888-f4ff5807e870,2d96da39-08e0-4d29-b888-f4ff5807e870
b7c353fd-7549-4f74-924e-f23b6dccdbf7,1876725e-c182-4979-a26c-135214ac6346,0b4da9c3-c7eb-4440-9931-31f1d9165817,user,2026-01-19T09:27:29,2026-04-07T10:43:07.901725,9724ea12-6754-4cb8-a351-d0210ae294d2,9724ea12-6754-4cb8-a351-d0210ae294d2
69eb89b8-ea87-4457-a7b7-818520b81421,0cf1c411-082a-4975-9211-5d332f43553a,739ed2bf-6237-4665-b46f-ef4f80e0679b,user,2025-12-20T02:37:46,2026-04-07T10:43:07.901742,d999546e-fe55-4344-a262-6965c2077266,d999546e-fe55-4344-a262-6965c2077266
09ef50e1-c469-4686-a90c-846890c39d4f,6ae192e2-6b74-4b8b-9dba-07f18c60add0,272a82ce-913a-48df-b4ec-2c85f20a0994,user,2025-12-17T16:23:20,2026-04-07T10:43:07.901757,f364afa9-23ca-4bda-88fb-8db4167cae03,f364afa9-23ca-4bda-88fb-8db4167cae03
1695eaf9-e53a-4d2f-8b4f-ae7c3ac1e365,4b741fca-1786-41bb-b63f-f586817fb122,4851c453-cc2f-41cf-a138-eb4d49b84547,user,2025-07-12T03:24:25,2026-04-07T10:43:07.901772,18e35911-52fc-4fd2-96f8-470ad24e6fa3,18e35911-52fc-4fd2-96f8-470ad24e6fa3
735645af-225a-421f-ab68-5c3cc8dc7cc8,f78c1928-4e75-472d-acc5-e65d075acf9a,f6169088-cc06-4c9c-ac65-81bf7614989b,user,2025-08-17T16:36:34,2026-04-07T10:43:07.901789,86dbefcb-d6dc-42f8-a0a7-61b502c6f391,86dbefcb-d6dc-42f8-a0a7-61b502c6f391
b6600c38-2a53-46c6-a773-1d475a1aaef2,8b4e6d66-b973-45a6-87f5-8a4e12130cdc,bea4014f-48bc-4afa-a892-b3c0adb2aa33,user,2025-07-09T16:52:52,2026-04-07T10:43:07.901804,89edd6fc-70b7-4391-a73d-b478c62530ea,89edd6fc-70b7-4391-a73d-b478c62530ea
b543711d-d0cb-49a9-9820-042b1ec03f10,24d0929d-244f-42b2-b3c3-da39d6b409ac,2155d1b8-bf6c-417b-88cf-531610c1bc0b,user,2026-01-20T16:43:18,2026-04-07T10:43:07.901818,16303004-929d-4fda-b55e-671a6ba1d19b,16303004-929d-4fda-b55e-671a6ba1d19b
34c1750b-8b5e-4e24-a8ea-0d065b1976a6,8a2f9de7-e809-4a23-babb-01771c7e68d1,bea4014f-48bc-4afa-a892-b3c0adb2aa33,user,2025-07-05T07:18:25,2026-04-07T10:43:07.901832,b80307f3-f3f1-474e-b5ed-246ff755bb4a,b80307f3-f3f1-474e-b5ed-246ff755bb4a
dd3cf5ca-629e-4747-9324-a13187f36ad2,d99ef395-e8d8-4d66-924b-dca139c0d5df,272a82ce-913a-48df-b4ec-2c85f20a0994,user,2025-12-15T11:56:41,2026-04-07T10:43:07.901847,6ab856ef-e6de-4471-9cb8-6a2cbb4f5a01,6ab856ef-e6de-4471-9cb8-6a2cbb4f5a01
b70fa4b4-2ad7-40d3-9106-af6cd39d4fce,b7416b50-d286-440c-b3a1-bca08f91048d,bb677a64-0cf1-42f0-8662-c1ad2443a1e0,user,2026-03-23T11:31:13,2026-04-07T10:43:07.901861,05e7314f-ba07-4002-993b-69f47e96a8f3,05e7314f-ba07-4002-993b-69f47e96a8f3
0159896f-e246-48b4-a6f1-e5b5c9d11fa4,86dbefcb-d6dc-42f8-a0a7-61b502c6f391,2155d1b8-bf6c-417b-88cf-531610c1bc0b,user,2026-02-12T23:45:25,2026-04-07T10:43:07.901876,ed827fb2-a795-4e26-a802-16689fc5f16f,ed827fb2-a795-4e26-a802-16689fc5f16f
320c602d-002f-4a26-852c-67ba35bb2376,3921cb1b-ed1c-4c56-8e96-a35d43db5b8e,bb677a64-0cf1-42f0-8662-c1ad2443a1e0,user,2025-08-17T12:52:00,2026-04-07T10:43:07.901890,d72687ac-a24f-4040-bdcb-a230b235c590,d72687ac-a24f-4040-bdcb-a230b235c590
16b27067-07c1-4c79-b87a-0c9cd3754838,d99c06be-61a4-4e62-b686-da750c57609c,b1af2404-1078-47e7-af2e-a4e2be043b5e,user,2025-09-23T22:46:04,2026-04-07T10:43:07.901904,a7f6cca8-8ebf-4ab5-a7cb-0a219c02de1a,a7f6cca8-8ebf-4ab5-a7cb-0a219c02de1a
e15e0fce-94c6-4827-b4ec-b483866a08d4,a90546e4-8c7d-456f-aef8-c8c92af01bb9,b1af2404-1078-47e7-af2e-a4e2be043b5e,user,2026-01-05T01:53:37,2026-04-07T10:43:07.901919,458e353c-13a3-4e1d-b09b-3172a1e565e8,458e353c-13a3-4e1d-b09b-3172a1e565e8
7185e5ce-3d85-4f6a-b67d-6ef858ef79f2,c93fddbe-faa4-4f85-9e8e-48251398ba45,99d37a94-dff8-4a1a-9144-2ed3c16fd181,admin,2026-01-14T14:40:35,2026-04-07T10:43:07.901936,b5f0a8d8-a4f6-443a-bce4-191235984d05,b5f0a8d8-a4f6-443a-bce4-191235984d05
